,코인 명,공시 명,날짜,마켓,전일 종가,최저가,최고가,BTC 상승률,상승률
0,THETA," 쎄타랩스, 분산형 비디오 및 데이터 전송을 지원하기 위한 초고 트랜잭션 처리량 소액 결제에 대한 두번째 미국특허취득",2021.03.16,KRW,8560.0,7440.0,8800.0,-5.98%,2.8%
1,PXL," 픽션 네트워크, 신임 대표이사 선출",2021.03.15,KRW,171.0,151.0,198.0,-2.87%,15.79%
2,RINGX," RINGX 재단, OK캐쉬백((주)위페이)과 ‘마이비(Mivy)’ 플랫폼 전환 협업 진행",2021.03.15,BTC,1.11e-06,1.04e-06,1.13e-06,-2.87%,1.8%
3,TON, 토카막 다오 베타 출시,2021.03.15,KRW,8395.0,7935.0,9145.0,-2.87%,8.93%
4,BFC, [기공개] Bifrost - BFC 소각 공시,2021.03.15,BTC,1.06e-06,1.03e-06,1.12e-06,-2.87%,5.66%
5,SOLVE, [기공개] APAC 시장 입지 강화를 위한 솔브케어 한국오피스 개소,2021.03.11,KRW,233.0,206.0,255.0,2.23%,9.44%
6,UPP," [기공개] 웁살라시큐리티, 코인데스크코리아와 ‘암호화폐 범죄 신고센터’ 서비스 런칭 계약 체결",2021.03.11,KRW,115.0,103.0,125.0,2.23%,8.7%
7,STPT," STP, 15억 원 상당 장내 매수 공시",2021.03.11,KRW,75.0,64.6,75.2,2.23%,0.27%
8,IOST," [기공개] 아이오에스티(IOST), 글로벌 NFT 콘텐츠 유통 플랫폼 ‘팔레트 컨소시엄' 합류",2021.03.11,KRW,53.5,51.0,56.0,2.23%,4.67%
9,FCT2," 피르마체인, 블루힐릭스 코리아와 파트너십 체결",2021.03.11,KRW,143.0,121.0,154.0,2.23%,7.69%
10,PICA," [일부 기공개] 피카프로젝트, 국내 최초 유명 아티스트 작품 NFT ERC-721 배포 및 판매 론칭",2021.03.10,BTC,1.02e-06,9.2e-07,1.05e-06,5.23%,2.94%
11,MBL," 무비블록, Origine Films와 협약 체결",2021.03.10,KRW,4.26,4.14,4.8,5.23%,12.68%
12,MARO, 2021년 상반기 로드맵 업데이트 및 자율주행데이터 사업 진출 공시,2021.03.10,KRW,72.4,72.1,89.4,5.23%,23.48%
13,ORBS," [기공개] 오브스(Orbs), 온체인데이터 커뮤니티 콘솔 출시",2021.03.10,KRW,39.5,39.4,46.8,5.23%,18.48%
14,PCI," 페이코인, SSG Money 전환 서비스 재개 안내",2021.03.09,KRW,1655.0,1575.0,1710.0,2.86%,3.32%
15,OBSR, 옵저버 토큰 (OBSR) 재락업 설정 공지,2021.03.09,KRW,8.95,8.5,9.23,2.86%,3.13%
16,ICX," 아이콘(ICON), 스테이블스왑 Defi 프로젝트 ‘Equality’ 출시 계획 발표",2021.03.09,KRW,2235.0,2045.0,2270.0,2.86%,1.57%
17,AHT, [기공개] 아하토큰 유통량 하향 조정 공지,2021.03.08,KRW,8.91,8.4,9.03,3.43%,1.35%
18,PXL," 픽션네트워크, 약 56 억 규모 ‘픽션 네트워크 NFT 그랜트’ 출범",2021.03.08,KRW,38.6,37.3,41.9,3.43%,8.55%
19,AERGO, AERGO 2021 로드맵 업데이트,2021.03.05,KRW,177.0,177.0,320.0,-2.6%,80.79%
20,HBAR, [일부 기공개] 헤데라 거버닝 카운슬 업데이트 - 새로운 멤버 합류,2021.03.04,KRW,143.0,139.0,149.0,3.45%,4.2%
21,ICX," [기공개] 아이콘(ICON) 재단, ICX 홀더 대상 Balanced 토큰 Airdrip(연속적 에어드롭) 진행",2021.03.04,KRW,1925.0,1900.0,2075.0,3.45%,7.79%
22,TON, TON 소각 공시,2021.03.04,KRW,6380.0,6230.0,6855.0,3.45%,7.45%
23,ENJ," ENJIN (엔진코인), NFT 지원 및 가스 비용 없는 (스케일링) 솔루션 공개",2021.03.04,KRW,911.0,892.0,2305.0,3.45%,153.02%
24,POWR, [기공개] 파워렛저가 인도 델리에서 최초의 P2P 에너지 거래를 선보이다,2021.03.03,KRW,272.0,255.0,278.0,-0.75%,2.21%
25,BFC, BiFi UI 및 이자율 알고리즘 개선,2021.03.03,BTC,9.6e-07,9.4e-07,1.37e-06,-0.75%,42.71%
26,META," 메타디움, 탈중앙화 거래소(DEX) 기반 비트코인(BTC)/이더리움(ETH) 결제 플랫폼 출시 계획 발표",2021.03.03,KRW,22.4,21.1,26.8,-0.75%,19.64%
27,DKA," 디카르고, 이지고와 '카카오페이 배송' 서비스 관련 물류 데이터 협업 게시",2021.03.03,KRW,59.4,54.8,62.4,-0.75%,5.05%
28,TSHP, 12Ships 재단은 TSHP 토큰의 바이백 및 소각을 완료했습니다,2021.03.03,KRW,10.4,9.61,10.4,-0.75%,0.0%
29,CRO," 크립토닷컴, 애스턴 마틴 포뮬러 원 팀과 파트너쉽 체결",2021.03.02,KRW,154.0,152.0,170.0,8.93%,10.39%
30,MOC," 모스랜드, 마케팅 활용 목적으로 모스코인 바이백 진행",2021.03.02,KRW,57.0,54.2,63.6,8.93%,11.58%
31,MVL," 캄보디아 정부, MVL에 투자 승인 발표",2021.02.18,KRW,3.91,3.87,4.68,4.97%,19.69%
32,BORA," BORA(보라) 운영사 ‘웨이투빗’, ‘카카오게임즈’ 계열사 편입 안내",2021.02.18,KRW,41.4,40.7,64.5,4.97%,55.8%
33,SSX," 썸씽(SSX), 장내 매수 진행 공시",2021.02.17,KRW,29.1,28.3,30.8,4.24%,5.84%
34,IOST, 아이오에스티(IOST) 홀더에게 도니 파이낸스팀의 돈(DON) 토큰 에어드랍 진행,2021.02.17,KRW,33.5,32.2,35.5,4.24%,5.97%
35,TON," 토카막 네트워크, 소바와 업무협력 파트너십 체결 공시",2021.02.17,KRW,3705.0,3555.0,3885.0,4.24%,4.86%
36,PXL," 픽션네트워크, NFT 플랫폼 프리뷰 공개",2021.02.17,KRW,19.4,19.4,24.7,4.24%,27.32%
37,PLA, 플레이댑 ‘크립토도저 for LINE Blockchain’ 17일일본 구글플레이스토어에 정식 출시,2021.02.17,KRW,178.0,171.0,189.0,4.24%,6.18%
38,TON," 토카막 네트워크, 톡큰 스테이킹 오퍼레이터 참여 공시",2021.02.17,KRW,3705.0,3555.0,3885.0,4.24%,4.86%
39,QTCON, 퀴즈톡 정보보호 관리체계(ISMS) 인증 획득,2021.02.17,KRW,20.0,19.7,22.9,4.24%,14.5%
40,PCI," 다날핀테크, 페이코인 앱에서 비트코인(BTC) 결제 지원",2021.02.17,KRW,194.0,188.0,204.0,4.24%,5.15%
41,NXPS, NPXS 액면병합에 대한 커뮤니티 투표 진행,2021.02.17,조회 불가,조회 불가,조회 불가,조회 불가,0.042412244,조회 불가
42,IGNIS," Jelurida, 업비트에 Ignis 셔플링 사용 계정 전체를 식별하는 솔루션 제공",2021.02.16,KRW,60.1,52.1,71.5,-0.33%,18.97%
43,ONIT, 온버프와 체인링크 파트너십 체결,2021.02.16,BTC,9.6e-07,8.3e-07,1.03e-06,-0.33%,7.29%
44,ITAM, 아이텀 NFT 중앙화 거래 플랫폼 NFT FARM 거버넌스 기능 추가,2021.02.15,BTC,3e-07,2.8e-07,3.1e-07,4.08%,3.33%
45,BFC, BiFi USDC 지원 및 추가 언어 지원,2021.02.15,BTC,9.5e-07,9.1e-07,1.17e-06,4.08%,23.16%
46,GOM2, 고머니2가 펫 쇼핑몰 아크멍에서 결제가 가능,2021.02.15,BTC,3.3e-07,3e-07,3.3e-07,4.08%,0.0%
47,ENJ," 마이크로소프트, 엔진: 세계 여성 과학자의 날을 기념하여 마인크래프트 호환 가능 NFT 출시",2021.02.11,KRW,440.0,419.0,479.0,-0.47%,8.86%
48,OGN, 오리진프로토콜 OUSD 수익률로 OGN바이백(Buyback) 프로그램 발표,2021.02.10,BTC,6.7e-06,6.04e-06,1.132e-05,-0.59%,68.96%
49,PICA," 피카프로젝트, '앙드레 사라이바' 내한 전시 단독진행 및 작품 NFT 화 추진",2021.02.10,BTC,1e-06,9e-07,1.1e-06,-0.59%,10.0%
50,TSHP, 12Ships 는 파일코인 채굴기 출시를 발표,2021.02.10,KRW,5.04,4.85,5.48,-0.59%,8.73%
51,PXL," 픽션네트워크, 엑시 인피니티와 파트너십 체결",2021.02.10,KRW,16.9,16.4,18.3,-0.59%,8.28%
52,HBAR," 헤데라해시그래프, 스마트 컨트랙트 없이 토큰 발급 및 배포 가능한 HTS 서비스 출시",2021.02.10,KRW,106.0,104.0,120.0,-0.59%,13.21%
53,ITAM, 아이텀 세일 물량 배분 완료,2021.02.10,BTC,2.8e-07,2.8e-07,3.6e-07,-0.59%,28.57%
54,HUM," 휴먼스케이프, ‘대웅제약’과 희귀질환자 데이터 기반 신약 연구 협약",2021.02.09,KRW,22.9,22.1,23.8,17.05%,3.93%
55,MARO," Maro, 바이트브릿지 글로벌 확장을 위한 에코시스템펀드 출자",2021.02.09,KRW,25.8,25.1,27.1,17.05%,5.04%
56,TON," 토카막 네트워크, KDAC과 파트너십 체결",2021.02.08,KRW,3415.0,3165.0,3530.0,0.47%,3.37%
57,ITAM, 아이텀 NFT 중앙화 거래 플랫폼 NFT FARM 개발자 API V1.0 출시,2021.02.08,BTC,3.2e-07,3.1e-07,3.4e-07,0.47%,6.25%
58,PICA, PICA 토큰 유통량 외에 락업,2021.02.08,BTC,1.07e-06,1.05e-06,1.15e-06,0.47%,7.48%
59,AERGO, AERGO HUB 베타 버전 출시 – 주요 마일스톤 달성,2021.02.05,KRW,61.8,55.5,67.0,1.15%,8.41%
60,CBK," 코박, 라이파이낸스, STP 네트워크와 함께 한국 폴카닷 얼라이언스 (KPA) 출범",2021.02.05,KRW,2645.0,2505.0,2695.0,1.15%,1.89%
61,STPT," STP, 라이 파이낸스 코박과 함께 한국 폴카닷 얼라이언스 출범",2021.02.05,KRW,25.6,24.6,31.5,1.15%,23.05%
62,STPT," STP 2.0, 커뮤니티 거버넌스 기능 출시",2021.02.04,KRW,23.4,22.7,40.7,3.82%,73.93%
63,PLA," 플레이댑(PLA), 게임 ‘리그 오브 킹덤즈’ NFT 아이템 거래 지원 시작",2021.02.04,KRW,141.0,140.0,149.0,3.82%,5.67%
64,GOM2," 주요 경영진 변경 : Kyu Lee, CEO로 선임",2021.02.04,BTC,3.8e-07,3.6e-07,3.9e-07,3.82%,2.63%
65,HBAR," 공급망 서비스 플랫폼인 SUKU, 이더리움에서 헤데라로 플랫폼 이전",2021.02.04,KRW,99.7,96.2,103.0,3.82%,3.31%
66,CTSI, 카르테시 신규 로드맵,2021.02.03,BTC,2.04e-06,1.79e-06,2.06e-06,3.53%,0.98%
67,HUM, HUM 토큰 유통량 변화 안내,2021.02.03,KRW,19.5,18.4,20.3,3.53%,4.1%
68,PICA, 피카(PICA) 토큰 소각완료 (2 차),2021.02.03,BTC,1.46e-06,1.35e-06,1.5e-06,3.53%,2.74%
69,WAXP," 왁스 토큰 에포크 3 ( 4,330,000 WAXP) 소각 안내",2021.02.03,KRW,43.8,43.0,45.9,3.53%,4.79%
70,ELF, 주요마일스톤 달성 공시- 엘프메인넷기능 평가판,2021.02.03,KRW,158.0,152.0,163.0,3.53%,3.16%
71,TON," 토카막 네트워크, 바운스 파이낸스와 파트너십 체결 및 에어드랍 이벤트 진행",2021.02.02,KRW,2670.0,2580.0,2680.0,0.58%,0.37%
72,PXL," 픽션네트워크, 2021 년 로드맵 업데이트",2021.02.02,KRW,14.5,14.2,14.7,0.58%,1.38%
73,ENJ," 엔진코인, 부동산 크라우드펀딩 서비스 LABS와 함께 부동산 투자 접근성 향상",2021.02.02,KRW,376.0,341.0,382.0,0.58%,1.6%
74,BFC, Bifrost와 BiFi Chainlink와 파트너쉽 체결,2021.02.02,BTC,1.19e-06,9.8e-07,1.2e-06,0.58%,0.84%
75,AHT, 어뷰징 물량 소각 안내,2021.02.02,KRW,4.06,3.9,4.07,0.58%,0.25%
76,AERGO," AERGO, 탈중앙화 분산신원 검증 플랫폼 CCCV.to에 DApp 인큐베이션 펀드 지원",2021.02.02,KRW,57.2,52.6,58.0,0.58%,1.4%
77,SSX, 썸씽 팀원&어드바이저 락업일정 변경 공시,2021.02.02,KRW,24.0,22.7,24.4,0.58%,1.67%
78,CBK, 코박 전문가칼럼 서비스를 출시,2021.02.01,KRW,2600.0,2520.0,2645.0,-1.83%,1.73%
79,GOM2, 고머니2 거버넌스 투표 기능 오픈,2021.02.01,BTC,3.9e-07,3.6e-07,4.5e-07,-1.83%,15.38%
80,AQT, Alpha Quark Limited(알파쿼크리미티드)에서 AQT의 유통량 공시,2021.02.01,KRW,2025.0,1955.0,2035.0,-1.83%,0.49%
81,PXL," 픽션네트워크, 갤러리 파이낸스 인수로 NFT 사업 가속화",2021.01.29,KRW,14.2,13.8,15.1,6.78%,6.34%
82,FCT2, 피르마체인 2021년 로드맵 업데이트,2021.01.29,KRW,51.2,50.2,53.9,6.78%,5.27%
83,MED," 메디블록, KT-빌게이츠 재단과 ‘SHINE’ 앱 출시",2021.01.29,KRW,5.0,4.95,5.29,6.78%,5.8%
84,HUM," 휴먼스케이프, 서울시 R&D지원사업 ‘서울혁신챌린지’ 우수과제 선정",2021.01.29,KRW,28.7,24.7,37.0,6.78%,28.92%
85,PICA, 피카 토큰으로 예술 작품판매 대금에 대한 일부 소각공시,2021.01.28,BTC,1.28e-06,1.22e-06,1.45e-06,-4.52%,13.28%
86,ITAM, 아이텀 NFT 기반 카드수집 서비스 덕북 출시,2021.01.28,BTC,5.3e-07,4.8e-07,6.3e-07,-4.52%,18.87%
87,STPT," STP 네트워크, 폴카닷 기반 STP 2.0 출시",2021.01.28,KRW,25.9,22.3,26.5,-4.52%,2.32%
88,HBAR, 호주 직불 사업자 eftpos 헤데라 거버닝 카운슬 합류,2021.01.28,KRW,99.8,86.5,99.7,-4.52%,-0.1%
89,DKA," 디카르고, 디스캐너(dScanner) 출시",2021.01.27,KRW,25.4,24.4,25.5,-0.36%,0.39%
90,SAND, 더 샌드박스 1차 퍼블릭 LAND 세일 론칭 예정 (feat. CoinMarketCap 파트너십),2021.01.26,KRW,105.0,102.0,111.0,1.45%,5.71%
91,AHA," 전문가 1:1 온라인 유료상담플랫폼, 아하커넥츠 베타버전 출시",2021.01.26,조회 불가,조회 불가,조회 불가,조회 불가,0.0144911224,조회 불가
92,BFC, BiFi - 코드 공개,2021.01.26,BTC,7.3e-07,6.3e-07,7.7e-07,1.45%,5.48%
93,GOM2," 애니멀고, 제주신화월드 서비스 프로모션 제휴",2021.01.26,BTC,3.4e-07,3.2e-07,4.6e-07,1.45%,35.29%
94,SSX," 썸씽(SSX), 일반인 OST 음원발매를 위해 ‘다산북스’ 등과 공동 업무협약 체결",2021.01.26,KRW,24.7,23.9,25.2,1.45%,2.02%
95,PICA," 피카프로젝트, 세계적인 아티스트 존 버거맨과 손잡고 아트프로젝트 진행",2021.01.25,BTC,1.22e-06,1.19e-06,1.36e-06,0.13%,11.48%
96,GOM2, 애니멀고 게임 추가 런칭과 NFT화,2021.01.25,BTC,3.2e-07,3e-07,3.5e-07,0.13%,9.38%
97,BFC, BiFi 가스비 최적화 업데이트 및 UI 업데이트,2021.01.22,BTC,6.5e-07,6.5e-07,7.1e-07,-12.06%,9.23%
98,WAXP," 왁스 토큰 21,230,000개 소각 안내",2021.01.22,KRW,48.7,44.8,51.0,-12.06%,4.72%
99,OBSR," 옵저버, 아이오타(IOTA)와 해외시장 진출 업무협약 체결",2021.01.22,KRW,4.35,3.91,4.63,-12.06%,6.44%
100,MLK," 밀크, 블록체인 기반 노래방앱 “썸씽(SOMESING)”과 업무협약 체결",2021.01.22,KRW,173.0,160.0,177.0,-12.06%,2.31%
101,SSX," 썸씽(SSX), 블록체인 기반 포인트 통합 플랫폼 “밀크(MiL.k)”와 업무협약 체결",2021.01.22,KRW,27.5,24.3,27.5,-12.06%,0.0%
102,QKC, 하드웨어 지갑 CoolWallet S 쿼크체인 메인넷 토큰 공식 지원 (1/22),2021.01.22,KRW,7.15,6.25,7.15,-12.06%,0.0%
103,FCT2," 피르마체인, 중국 “무애커뮤니티”와 파트너십 체결",2021.01.22,KRW,57.7,53.1,62.0,-12.06%,7.45%
104,PICA," 피카프로젝트, 픽셀네트워크와 손잡고 미술작품 NFT 화 진행",2021.01.21,BTC,1.14e-06,1.08e-06,1.26e-06,-0.85%,10.53%
105,PXL," 픽션네트워크, 피카와 미술품 NFT 화를 위한 MOU 체결",2021.01.21,KRW,16.2,15.2,17.5,-0.85%,8.02%
106,GOM2, 애니멀고마켓 앱 런칭,2021.01.21,BTC,2.9e-07,2.7e-07,2.9e-07,-0.85%,0.0%
107,HBAR," 에브리웨어와 헤데라 해시그래프, NHS 시설을 위한 코로나 바이러스 백신 콜드체인 모니터링 제공",2021.01.20,KRW,70.7,67.1,79.7,-1.05%,12.73%
108,CBK," CBK, 스테이블 코인 KFD (KFC Dollar) 채굴 풀 추가",2021.01.19,KRW,3170.0,3075.0,3180.0,1.19%,0.32%
109,ENJ," 엔진코인, 일본 가상화폐 거래소 협회 (JVCEA) 에서 게임코인으로 최초 승인",2021.01.19,KRW,253.0,247.0,335.0,1.19%,32.41%
110,NPXS, 펀디엑스 토큰 NPXS 토큰 총 2790만개 소각,2021.01.19,KRW,0.43,0.4,0.43,1.19%,0.0%
111,CHZ," 칠리즈, AC 밀란 클럽과 파트너십 발표",2021.01.18,KRW,22.1,20.6,22.3,-1.37%,0.9%
112,ENJ," Enjin, Miss Bitcoin과 함께 일본 최초 자선 NFT 프로젝트 시작",2021.01.18,KRW,216.0,216.0,445.0,-1.37%,106.02%
113,BFC, BiFi 마일스톤 달성,2021.01.15,BTC,5.8e-07,5.3e-07,6e-07,3.26%,3.45%
114,PXL," 픽션네트워크, 사이버베인의 자회사 크로스(Cross)와 한중 NFT 시장 진출 파트너십 체결",2021.01.15,KRW,14.7,14.6,17.2,3.26%,17.01%
115,SOLVE," Solve.Care, 블록체인 글로벌 싱크 탱크인 Blockchain Research Institute의 회원이 됨",2021.01.15,KRW,109.0,105.0,116.0,3.26%,6.42%
116,HBAR, 헤데라21 해커톤: 2021년 1월 19일부터 자산토큰화 주제의 해커톤 개최,2021.01.15,KRW,58.9,55.7,70.4,3.26%,19.52%
117,WAXP," 왁스, 신규 디파이 모델 기반 보상 지급 시작",2021.01.15,KRW,44.0,42.6,45.6,3.26%,3.64%
118,SSX, 썸씽(SSX) 크립토 파이낸스 전문기업 “델리오”와 업무협약 체결,2021.01.15,KRW,25.1,24.5,26.9,3.26%,7.17%
119,PLA," 플레이댑, ‘아스타(ASTA)’ IP 홀더 수퍼트리와 블록버스터급 아스타 MMORPG 모바일게임 서비스를 위한 계약 체결",2021.01.14,KRW,144.0,140.0,149.0,7.27%,3.47%
120,IOST," 아이오에스티(IOST), 자사 블록체인서 스테이블코인 HUSD 지원",2021.01.14,KRW,11.8,11.0,14.6,7.27%,23.73%
121,HBAR," 글로벌 공급망 기업 AVC 글로벌, DLT플랫폼으로 헤데라 해시그래프 채택",2021.01.13,KRW,48.9,46.3,53.8,-3.78%,10.02%
122,HBAR, 텍사스주 국무 장관에 기록 검증 관련 PoC 제출,2021.01.12,KRW,55.7,42.5,56.0,-7.63%,0.54%
123,HBAR, 마일스톤 달성 - 헤데라의 메인넷은 1.5년 이내 5억건 이상의 트랜잭션 생성,2021.01.12,KRW,55.7,42.5,56.0,-7.63%,0.54%
124,BORA," BORA(보라), 바른손과 ‘블록체인 기반 영화 제작 투자 및 OTT 플랫폼’ 공동사업 MOU 체결",2021.01.12,KRW,35.1,30.8,36.5,-7.63%,3.99%
125,OBSR, 옵저버 개인기상관측기(Personal Weather Station) “W-Station” 2 차 출시 및 관측 보상 공시,2021.01.12,KRW,4.26,3.51,4.26,-7.63%,0.0%
126,BFC," Bifrost의 디파이 서비스 BiFi 출시, 향후 계획, BFC 유통량, 오딧 리포트",2021.01.08,BTC,7.4e-07,6e-07,7.4e-07,9.66%,0.0%
127,ONIT, 온버프 토큰(ONIT) 투자자 물량 배분 완료 공시 및 유통량 안내,2021.01.08,BTC,7.7e-07,7e-07,8.7e-07,9.66%,12.99%
128,FCT2, 피르마체인 언락 토큰 배분 공시,2021.01.07,KRW,51.8,51.6,78.4,7.01%,51.35%
129,OGN, 오리진 프로토콜 스테이블 코인 OUSD 업그레이드 재 출시,2021.01.06,BTC,3.86e-06,3.89e-06,4e-06,4.48%,3.63%
130,CHZ, 칠리즈 코인 소각 안내,2021.01.06,KRW,21.5,20.9,24.0,4.48%,11.63%
131,HUM, HUM 토큰의 현재 유통량 및 향후 계획 안내,2021.01.06,조회 불가,조회 불가,조회 불가,조회 불가,0.0447888097,조회 불가
132,FCT2," 피르마체인, 오라클 솔루션 ‘네스트 프로토콜’과 파트너십 체결",2021.01.06,KRW,50.0,48.5,54.6,4.48%,9.2%
133,AQT," 알파쿼크토큰, 유통량 공시",2021.01.04,KRW,2125.0,2000.0,2130.0,5.15%,0.24%
134,HUNT," HUNT 프로젝트, 2020년도 4분기 수수료 수입에 관한 헌트 토큰 소각 진행",2021.01.04,KRW,73.8,66.4,74.1,5.15%,0.41%
135,ARDR, 주요 마일스톤 달성 - 블록체인 팽창 문제 솔루션인 ‘프루닝’ 기능을 v3.0.0e 통해 공개,2020.12.30,KRW,75.8,69.8,75.8,0.82%,0.0%
136,IQ," 에브리피디아, 미국 최대 통신사 AP 통신과 파트너십 확장하여 미국 상원 선거 결과를 블록체인에 기록",2020.12.29,KRW,3.02,2.85,3.03,3.17%,0.33%
137,PXL," 픽션네트워크, NFT 개발을 위한 KIP-17 표준으로 통합",2020.12.28,KRW,14.2,14.0,16.6,-0.2%,16.9%
138,CTSI, 카르테시 $CTSI 메인넷 Reserve Mining 출시,2020.12.28,BTC,1.7e-06,1.38e-06,2.16e-06,-0.2%,27.06%
139,RINGX," RINGX 재단, ‘마이비(Mivy)’ 앱 프리 릴리즈",2020.12.28,BTC,1.5e-06,1.26e-06,1.5e-06,-0.2%,0.0%
140,SSX," 썸씽(SSX), 인앱구매 매출에 따른 장내 매수 공시",2020.12.28,KRW,26.4,25.3,28.5,-0.2%,7.95%
141,UPP," 삼성 블록체인 월렛의 웁살라시큐리티 AML 통합 보안 서비스, 전세계 19 개 국가로 확대 지원",2020.12.28,KRW,24.7,23.2,26.6,-0.2%,7.69%
142,FCT2," 피르마체인(FCT2), 장내 매수 완료 공시",2020.12.24,KRW,55.8,41.3,57.4,-1.48%,2.87%
143,SOLVE, Solve.Care에서 의사들을 글로벌 원격의료 익스체인지(GTHE)로 맞이한다,2020.12.24,KRW,112.0,99.3,112.0,-1.48%,0.0%
144,UPP," 웁살라시큐리티, 헥슬란트 ‘옥텟 월렛’서비스에 가상자산 AML 솔루션 통합 계약 체결",2020.12.24,KRW,25.4,21.0,25.4,-1.48%,0.0%
145,TT," 썬더코어 하드포크, TT 메인넷 Soter 로 업그레이드",2020.12.23,KRW,5.53,5.24,5.63,5.47%,1.81%
146,MLK," 밀크, 도서문화상품권 거래 기능 개발 완료",2020.12.22,KRW,199.0,180.0,206.0,-1.9%,3.52%
147,CBK, CBK 토큰 분배 일정,2020.12.22,조회 불가,조회 불가,조회 불가,조회 불가,-0.019049459,조회 불가
148,IQ," 사회적 기업 아이부키, 에브리피디아와 커뮤니티 협업 및 토큰 결제 모델 공동 연구",2020.12.21,KRW,3.18,2.93,3.2,-1.1%,0.63%
149,MOC," 모스랜드, 2020 4Q 모스코인 바이백 결과 안내",2020.12.21,KRW,25.1,23.0,25.6,-1.1%,1.99%
150,PLA, 플레이댑 (PLA) 토큰 발행량 대량 소각 완료 공시,2020.12.18,KRW,204.0,174.0,239.0,8.1%,17.16%
151,BORA," BORA(보라), 카카오 계열사 ‘카카오게임즈’로부터 콜옵션 행사로 인한 대주주 변경 안내",2020.12.17,KRW,39.6,39.3,45.8,8.46%,15.66%
152,QKC," 쿼크체인, 메인넷 '빅뱅 (BigBang)' 출시",2020.12.17,KRW,5.79,5.48,6.06,8.46%,4.66%
153,HUNT, 마일스톤 달성 - 네버루즈머니 출시 및 보안감사 완료,2020.12.16,KRW,57.2,55.3,65.0,0.78%,13.64%
154,PLA, 플레이댑 (PLA) 토큰 발행량 18 억개(72%) 소각 계획 공시,2020.12.16,KRW,142.0,139.0,146.0,0.78%,2.82%
155,FCT2," 피르마체인(FCT2), 장내 매수 진행 공시",2020.12.16,KRW,62.0,58.8,62.1,0.78%,0.16%
156,GOM2, 애니멀고파크 제주신화월드 입점 계약 및 패키지 상품 출시 협약,2020.12.11,BTC,1.19e-06,1.16e-06,1.35e-06,-1.56%,13.45%
157,ENJ," 비디오 게임사 Atari, 엔진과의 협업을 통해 블록체인 게임 본격 진출",2020.12.11,KRW,154.0,150.0,158.0,-1.56%,2.6%
158,STMX, StormX 스테이킹 기능 출시,2020.12.11,KRW,2.69,2.58,2.76,-1.56%,2.6%
159,HBAR," 덴튼스, 헤데라 거버닝 카운슬 새 멤버로 합류",2020.12.10,KRW,39.6,36.4,40.3,1.28%,1.77%
160,MVL," 엠블 랩스(MVL LABS), 대한민국 4 차 산업혁명 과학정보통신위원회 위원장상 수상",2020.12.10,KRW,3.58,2.89,3.9,1.28%,8.94%
161,FCT2, 피르마체인(FCT2) 현재 유통량 및 향후 계획 공시,2020.12.09,KRW,72.7,66.4,135.0,-3.96%,85.69%
162,MED," 메디블록, 목포한국병원과 실손 보험 간편 청구 서비스 연동 완료",2020.12.09,KRW,5.77,5.42,6.2,-3.96%,7.45%
163,OBSR, 옵저버 토큰(OBSR) 재락업 및 발행량과 유통량 공시,2020.12.08,KRW,7.29,7.04,9.47,-0.68%,29.9%
164,RINGX," RINGX 재단, 커피에반하다 업무 제휴 협약 체결",2020.12.08,BTC,3.4e-06,3.27e-06,6.4e-06,-0.68%,88.24%
165,HBAR, 헤데라토큰 서비스 백서 및 테스트넷 엑세스 런칭,2020.12.08,KRW,40.2,39.9,45.3,-0.68%,12.69%
166,MED," 메디블록, 현대해상과 실손 보험 간편 청구 서비스 연동 완료",2020.12.08,KRW,5.63,5.6,5.92,-0.68%,5.15%
167,GOM2," 애니멀고, 탐앤탐스와 업무협약",2020.12.07,BTC,9.6e-07,9.4e-07,1.08e-06,0.94%,12.5%
168,MVL," 엠블 랩스(MVL LABS), 명신 산업과 E-PowerTrain 공동 개발…10,000 대 양산 예정",2020.12.07,KRW,4.31,4.22,5.82,0.94%,35.03%
169,AQT, Alpha Quark Limited(알파쿼크리미티드) 페이코인의 운영주체인 다날핀테크(Danal Fintech)와 업무협약 체결,2020.12.04,KRW,2535.0,2525.0,4170.0,0.39%,64.5%
170,PCI," 페이코인, 글로벌 페이먼트 플랫폼 '알파쿼크(Alpha Quark)'와 업무협약(MOU) 체결",2020.12.04,KRW,184.0,174.0,196.0,0.39%,6.52%
171,CTSI, 카르테시 IR 공시,2020.12.03,BTC,2.18e-06,2.03e-06,2.4e-06,1.1%,10.09%
172,FCT2," 피르마체인, ‘DTT 얼라이언스’ 파트너십 합류",2020.12.04,조회 불가,조회 불가,조회 불가,조회 불가,0.0038868086,조회 불가
173,META, 메타디움 발행량 및 유통량 공시,2020.12.03,KRW,14.0,11.2,26.1,1.1%,86.43%
174,META," 파이낸셜뉴스, 메타디움 블록체인 기반 설문조사 서비스 fnSurvey 출시",2020.12.03,KRW,14.0,11.2,26.1,1.1%,86.43%
175,PLA," 플레이댑 ‘크립토도저’ 이모티콘, AI 기반 글로벌 이모티콘 플랫폼 ‘모히톡’ 에 공급",2020.12.02,KRW,174.0,169.0,204.0,-2.1%,17.24%
176,TSHP, 12Ships 재단은 10 월 TSHP 바이백 및 소각을 완료하였습니다.,2020.12.02,KRW,3.42,3.4,3.94,-2.1%,15.2%
177,MED," 메디블록, 시리즈 A 라운드 투자 유치 완료",2020.12.02,KRW,5.75,5.68,7.3,-2.1%,26.96%
178,TON," 토카막 네트워크, DSRV 스테이킹 오퍼레이터 참여 공시",2020.12.01,KRW,2700.0,2635.0,2745.0,6.62%,1.67%
179,MED," 메디블록, 2020 보건의료 기술사업화 유공자 포상 수상",2020.12.01,KRW,5.58,5.54,6.12,6.62%,9.68%
180,ARDR," Jelurida, 캐쥬얼 게임 사업 진출을 위한 첫번째 프로젝트 Bridge Champ 발표",2020.11.30,KRW,75.2,71.8,77.6,2.6%,3.19%
181,ARDR, 기업의 퍼블릭 블록체인 활용 사례로 Geoblockchain 유치 관련 공시,2020.11.30,KRW,75.2,71.8,77.6,2.6%,3.19%
182,STPT," STP 네트워크, 스테이블 코인 USTP 및 STP DAO 출시",2020.11.30,KRW,16.7,16.3,17.1,2.6%,2.4%
183,SSX, 썸씽(SSX)의 현재 유통량 및 향후 계획 공시,2020.11.30,조회 불가,조회 불가,조회 불가,조회 불가,0.0260213509,조회 불가
184,SSX, 썸씽 팀원&어드바이저 락업일정 변경 공시,2020.11.30,조회 불가,조회 불가,조회 불가,조회 불가,0.0260213509,조회 불가
185,ORBS," 오브스(Orbs), POS V2.5 업그레이드 완료 공시",2020.11.30,KRW,15.2,14.7,15.4,2.6%,1.32%
186,PLA," 플레이댑, 게임 개발사들을 위한 C2C 마켓플레이스 ’스토어프론트’ 베타버전 출시",2020.11.26,KRW,187.0,183.0,203.0,-0.56%,8.56%
187,GOM2," 애니멀고, STP Network 재단과 파트너쉽 업무협약",2020.11.26,BTC,9.4e-07,9e-07,1.2e-06,-0.56%,27.66%
188,MLK," 밀크, 한국페이즈 서비스와 도서문화상품권 계약 체결 공시",2020.11.26,KRW,179.0,174.0,200.0,-0.56%,11.73%
189,PLA, 플레이댑 프로젝트 HTML5 기반 신작 ‘와일드 웨스트(Wild West)’ 페이스북 진출,2020.11.24,KRW,176.0,176.0,208.0,-1.02%,18.18%
190,TON, 토카막 네트워크 DTT 얼라이언스 가입,2020.11.24,KRW,2655.0,2595.0,2785.0,-1.02%,4.9%
191,GOM2," 애니멀고, 중화권 부동산 투자업체 JW Capital과 업무협약",2020.11.23,BTC,8.7e-07,7.4e-07,9.3e-07,-0.22%,6.9%
192,PCI," 페이코인, 장내 매수 진행 공시",2020.11.23,KRW,169.0,162.0,179.0,-0.22%,5.92%
193,TON," 토카막 네트워크, 미터와 파트너십 체결",2020.11.19,KRW,2765.0,2450.0,2765.0,1.98%,0.0%
194,SOLVE, DCARE 채굴이 시작되었습니다.,2020.11.18,KRW,102.0,100.0,103.0,5.78%,0.98%
195,ADX, AdEx 네트워크는 커뮤니티 거버넌스를 갖춘 최초의 분산형 광고 네트워크가 되었습니다,2020.11.11,KRW,296.0,287.0,313.0,-0.42%,5.74%
196,GOM2, 고머니2(GOM2) 토큰 소각 (6차),2020.11.06,BTC,1.19e-06,9.7e-07,1.21e-06,8.73%,1.68%
197,PCI, 페이코인(PCI) 디지털 자산 유통량 공시 (2020년 10월),2020.11.06,KRW,210.0,197.0,216.0,8.73%,2.86%
198,HUNT, 네버루즈머니 클로즈드 베타 출시,2020.11.05,KRW,47.9,46.3,48.3,0.49%,0.84%
199,PLA," 플레이댑, 블록체인 기술 도입 예정인 PC MMO ‘아스타 리마스터(가칭)’ 글로벌 판권 확보",2020.11.05,KRW,171.0,163.0,174.0,0.49%,1.75%
200,MLK, 밀크코인소각완료공시(공모소각+재단매칭소각),2020.11.05,KRW,167.0,163.0,174.0,0.49%,4.19%
201,PXL, 향후 토큰 유통 계획,2020.11.03,KRW,11.6,10.7,11.6,-1.14%,0.0%
202,AERGO," 블록체인 기반 시점확인(TSA) 및 데이터 검증 연합체, ‘DTT 얼라이언스’ 출범",2020.11.04,KRW,47.8,46.3,48.8,3.14%,2.09%
203,MVL," MVL TADA 싱가포르, 승차호출 서비스 라이선스(RSOL) 취득",2020.11.02,KRW,1.24,1.19,1.26,-0.21%,1.61%
204,PCI," 페이코인, 유니온페이 모바일 선불카드 제휴 체결로 글로벌 결제 시장 진출",2020.11.02,KRW,289.0,277.0,299.0,-0.21%,3.46%
205,CHZ," 칠리즈, 노바라 칼초(Novara Calcio) 구단과 파트너십 발표",2020.10.30,KRW,11.1,10.7,11.3,0.98%,1.8%
206,SOLVE, Solve.Care에서 의료금융을 위한 세계 최초의 탈중앙화 자율조직(DAO)인 Definitize의 출범 발표,2020.10.29,KRW,110.0,103.0,113.0,-1.65%,2.73%
207,TSHP, 12Ships 재단은 9월 TSHP 바이백 및 소각을 완료하였습니다.,2020.10.29,KRW,3.74,3.51,3.74,-1.65%,0.0%
208,META," 메타디움 블록체인(DID) 기반 디지털 공공 통합서비스 앱 ‘B Pass’, ‘시민안전제보’ 스마트폰 앱 출시",2020.10.29,조회 불가,조회 불가,조회 불가,조회 불가,-0.0164576803,조회 불가
209,MLK, 밀크소각공시및멤버십토큰(MAP)발행발표,2020.10.29,KRW,165.0,160.0,167.0,-1.65%,1.21%
210,GOM2," 애니멀고 마켓, 카카오스토어 입점",2020.10.29,BTC,1.35e-06,1.14e-06,1.68e-06,-1.65%,24.44%
211,AERGO," 블로코, 블록체인 플랫폼 ‘아르고 엔터프라이즈 v2.0’, GS 인증 획득",2020.10.28,KRW,50.3,48.1,52.2,3.71%,3.78%
212,OGN, 오리진프로토콜(OriginProtocol)업홀드(Uphold)와파트너십성사,2020.10.28,BTC,1.276e-05,1.104e-05,1.211e-05,3.71%,-5.09%
213,OBSR," 옵저버, ""대한민국 기상산업대상"" 기상청장상 수상",2020.10.28,조회 불가,조회 불가,조회 불가,조회 불가,0.0371173124,조회 불가
214,ONIT," 온버프, ‘뽀로로’ 캐릭터 회사 아이코닉스와 파트너십 체결 등 5개 사안 공시",2020.10.27,BTC,1.211e-05,1.115e-05,1.249e-05,0.5%,3.14%
215,OGN, 오리진프로토콜(OriginProtocol) OUSD 거버넌스토큰으로 OGN 채택발표,2020.10.27,BTC,1.269e-05,1.276e-05,1.276e-05,0.5%,0.55%
216,PCI," 페이코인, 탈중앙화 오라클 솔루션 제공업체 체인링크(Chainlink)와 업무협약(MOU) 체결",2020.10.27,조회 불가,조회 불가,조회 불가,조회 불가,0.0050374404,조회 불가
217,GOM2," 고머니2(GOM2) 보유자, 머니스왑토큰(MSWAP) 에어드랍 이벤트",2020.10.26,BTC,1.88e-06,1.8e-06,1.91e-06,-0.47%,1.6%
218,STMX," StormX 신규 $1,000 친구 초대 보너스 출시",2020.10.23,KRW,2.32,2.28,2.48,0.94%,6.9%
219,IQ," 블록체인 백과사전 에브리피디아, 미국 최대 통신사 AP 통신과 파트너십",2020.10.23,KRW,2.53,2.52,2.57,0.94%,1.58%
220,GOM2, 고머니2(GOM2) 토큰 바이백 (6차),2020.10.22,BTC,2.35e-06,2.24e-06,2.38e-06,5.69%,1.28%
221,MLK, 밀크사전투자자락업일정변경공시,2020.10.22,KRW,164.0,164.0,170.0,5.69%,3.66%
222,AHT, 아하토큰 일부 물량 소각 안내,2020.10.22,KRW,4.1,3.81,4.11,5.69%,0.24%
223,ORBS," 오브스(Orbs), 재단물량 100%(20억개) 락업 실행완료",2020.10.20,KRW,15.3,15.0,16.2,1.57%,5.88%
224,SOLVE," 솔브케어, 파트너쉽 관련 공시",2020.10.20,KRW,131.0,119.0,144.0,1.57%,9.92%
225,MBL, WMBL 머니스왑 Pool 추가 및 10~11월 온라인 영화제 라인업 공시의 건,2020.10.19,KRW,1.81,1.76,1.82,0.99%,0.55%
226,HBAR, 온체인커스터디안HBAR커스터디지원,2020.10.19,KRW,36.1,35.8,36.4,0.99%,0.83%
227,CHZ," 칠리즈, 신트트라위던(STVV) 구단과 파트너십 발표",2020.10.16,KRW,12.6,12.1,12.6,0.58%,0.0%
228,PCI," 페이코인, 글로벌 앱 서비스 출시",2020.10.16,조회 불가,조회 불가,조회 불가,조회 불가,0.0057794677,조회 불가
229,UPP," 웁살라시큐리티, 디지털 자산 포렌식 솔루션에 Ripple (XRP), Bitcoin Cash (BCH) 추적 기능 추가",2020.10.15,KRW,22.7,21.6,22.7,0.12%,0.0%
230,GOM2, 머니스왑 런칭 및 머니스왑(MSWAP)토큰 에어드랍,2020.10.14,BTC,2.17e-06,2.07e-06,2.26e-06,-0.29%,4.15%
231,ORBS," 오브스(Orbs), OEGP지원 DeFi 프로젝트 선정",2020.10.14,KRW,15.4,15.0,15.6,-0.29%,1.3%
232,ONIT," 온버프, 10월 15일 베스팅 물량에 대한 전량 락업",2020.10.14,BTC,1.216e-05,1.144e-05,1.409e-05,-0.29%,15.87%
233,PLA," 플레이댑, 블록체인 게임사 더 샌드박스와 파트너십 체결",2020.10.14,KRW,236.0,227.0,248.0,-0.29%,5.08%
234,HBAR, 마일스톤 달성 : 해시그래프 플랫폼 소스코드 오픈 리뷰 출시,2020.10.12,KRW,38.9,38.2,40.4,0.54%,3.86%
235,AHT, 어드바이저 물량 락업해제 및 일부 회수 안내,2020.10.12,KRW,5.21,4.94,5.28,0.54%,1.34%
236,CTSI, 카르테시 3분기 주요 마일스톤 달성,2020.10.11,BTC,3.68e-06,3.12e-06,3.64e-06,1.79%,-1.09%
237,PLA," 플레이댑, 블록체인 게임 ‘크립토도저’ 라인 블록체인 생태계 참여",2020.10.08,KRW,209.0,185.0,214.0,0.04%,2.39%
238,CHZ," 칠리즈, BSC 영보이즈 구단과 파트너쉽 발표",2020.10.08,KRW,11.9,11.3,12.4,0.04%,4.2%
239,MED," 메디블록, 과기정통부 주관 '클라우드 플래그쉽 프로젝트' 기업 선정",2020.10.08,KRW,5.35,5.31,5.9,0.04%,10.28%
240,ITAM, 아이텀게임즈 'NFT.farm' 스테이킹 기능 업데이트,2020.10.07,BTC,9.3e-07,8.7e-07,1.05e-06,-0.94%,12.9%
241,TT, 썬더코어 에코 시스템 계획 로드맵 업데이트 안내,2020.10.07,KRW,5.18,5.04,5.21,-0.94%,0.58%
242,GOM2, 애니멀고 X 고머니2 백서 3.0 및 추가 로드맵 공개,2020.10.06,BTC,2.3e-06,2.14e-06,2.31e-06,0.72%,0.43%
243,RINGX," RINGX 재단, 기프트레터 이용 계약 체결",2020.10.06,BTC,5.7e-06,5.69e-06,6.17e-06,0.72%,8.25%
244,UPP," 웁살라시큐리티, 삼성 블록체인 월렛 보안 강화 차별화 위해 가상자산 AML 솔루션 연동",2020.10.06,KRW,29.1,28.2,39.2,0.72%,34.71%
245,WAXP," 왁스, 디파이와 NFT 결합된 신규 토큰 이코노미 모델 공개",2020.10.05,KRW,44.4,43.2,44.6,0.44%,0.45%
246,HUNT, 2020-3분기 수수료 수입 소각 안내,2020.10.05,KRW,57.8,55.4,59.6,0.44%,3.11%
247,ADX," 애드엑스 네트워크가 체인링크와 ADX-USD 가격 피드를 메인넷에 통합하고, 탄력적 토큰 발행을 시작합니다.",2020.10.01,KRW,223.0,222.0,245.0,-0.34%,9.87%
248,ADX," AdEx네트워크, 새로운 ADX 토큰 이코노믹스 및 인센티브가 적용된 스테이킹",2020.10.01,KRW,223.0,222.0,245.0,-0.34%,9.87%
249,THETA," 쎄타 네트워크, 라인블록체인과 함께 아시아 시장을 타겟할 비디오 서비스 런칭 발표",2020.09.30,KRW,835.0,823.0,907.0,1.07%,8.62%
250,PLA," 플레이댑 플라(PLA), 메인넷 확장 - 메타블록체인 위해 'DSRV LABS(Nonce)'와 기술협약 체결",2020.09.29,조회 불가,조회 불가,조회 불가,조회 불가,-0.0037554934,조회 불가
251,GOM2," 글로벌 자동차제조사 랜드로버, 재규어 공식 수입사 (주)천일오토모빌과 애니멀고 업무협약",2020.09.28,BTC,2.37e-06,2.3e-06,2.41e-06,0.07%,1.69%
252,MOC," 모스랜드, 2020 3Q 모스코인 바이백 결과 안내",2020.09.28,KRW,19.4,18.6,19.4,0.07%,0.0%
253,ONIT," 온버프는 상장 후 두번째로 언락될 예정인 온버프 토큰(ONIT) 17,392,000개를 전량 소각하였습니다.",2020.09.25,BTC,1.416e-05,1.202e-05,1.706e-05,4.66%,20.48%
254,OGN, 오리진 프로토콜(Origin Protocol) 자체 스테이블 코인 OUSD 출시,2020.09.25,BTC,1.924e-05,1.928e-05,1.97e-05,4.66%,2.39%
255,GOM2, 코스닥 상장사 엔시트론과 전략적 파트너쉽 체결,2020.09.23,BTC,2.46e-06,2.34e-06,2.48e-06,0.44%,0.81%
256,ONIT," 온버프, ‘뿌까’ 캐릭터 회사 VOOZ와 파트너십 체결",2020.09.23,BTC,1.818e-05,1.61e-05,1.846e-05,0.44%,1.54%
257,CHZ, 칠리즈 코인 소각 안내,2020.09.23,KRW,12.8,12.4,13.6,0.44%,6.25%
258,TT, 썬더코어 DeFi 에코시스템 DEX 'TTSwap' 업그레이드,2020.09.22,KRW,5.76,5.0,5.79,-4.13%,0.52%
259,HBAR, 헤데라 해시그래프에 오스트레일리아 농업 공급망 출시,2020.09.22,KRW,39.3,35.2,39.8,-4.13%,1.27%
260,ITAM, 아이텀게임즈 '아트그라비아'와 신규 서비스를 위한 디지털 콘텐츠 유통 계약 공시,2020.09.22,BTC,1.1e-06,9.4e-07,1.17e-06,-4.13%,6.36%
261,MARO," MARO, TTC 리브랜딩 및 주요 서비스 공시",2020.09.22,KRW,27.0,24.7,28.1,-4.13%,4.07%
262,QKC," 쿼크체인, AMM DEX '이퀄라이저(Equalizer)' 출시",2020.09.22,KRW,6.62,5.66,6.8,-4.13%,2.72%
263,MBL," 무비블록, 디파이 생태계 확장을 위한 ERC-20 토큰 WMBL 출시",2020.09.21,KRW,2.26,2.15,2.27,-0.94%,0.44%
264,AHT, 어뷰징 물량 회수 완료 및 일부 소각 안내,2020.09.21,KRW,5.53,5.47,6.17,-0.94%,11.57%
265,OBSR," 옵저버, 중앙일보 미세먼지 및 기상데이터 공급 계약 체결",2020.09.21,조회 불가,조회 불가,조회 불가,조회 불가,-0.0093508501,조회 불가
266,HUNT, 헌트 토큰 소각 완료,2020.09.18,KRW,131.0,102.0,140.0,-0.79%,6.87%
267,ENJ," ENJIN, 디지털 엔터테인먼트 에셋(DEA)과 함께 2020 NFT 시상식 개최",2020.09.17,KRW,189.0,179.0,189.0,0.77%,0.0%
268,ICX," ICON 2.0: 바탕, 새로운 블록체인 소프트웨어",2020.09.17,KRW,606.0,554.0,606.0,0.77%,0.0%
269,MLK," 밀크, Travala.com과 파트너십 체결",2020.09.18,KRW,192.0,188.0,195.0,-0.79%,1.56%
270,PCI," 페이코인, 블록체인 플랫폼 및 서비스 제공업체 아이콘루프(ICONLOOP)와 업무협약 체결",2020.09.18,조회 불가,조회 불가,조회 불가,조회 불가,-0.0078990165,조회 불가
271,PLA, 플레이댑 토큰(PLA) 유통량 및 락업 일정 조정 안내,2020.09.17,조회 불가,조회 불가,조회 불가,조회 불가,0.0077259248,조회 불가
272,BORA," BORA(보라), 카이엔터테인먼트와 테일즈런너 IP 모바일 게임 공동 사업 계약 체결",2020.09.17,KRW,38.0,34.6,38.1,0.77%,0.26%
273,HUNT, 백서 및 로드맵 수정 업데이트 안내,2020.09.17,KRW,135.0,97.3,175.0,0.77%,29.63%
274,ORBS," 오브스(Orbs), 재단물량 20억개 락업 계획 발표",2020.09.16,KRW,18.2,17.8,18.5,1.22%,1.65%
275,GOM2, 고머니2(GOM2) 토큰 소각 (5차),2020.09.16,BTC,2.35e-06,2.2e-06,2.44e-06,1.22%,3.83%
276,ITAM, 아이텀게임즈 NFT 게임 아이템 거래를 위한 거래 플랫폼 ‘NFT.farm’ 신규 결제시스템 연동 공시,2020.09.16,BTC,6.3e-07,5.9e-07,7.6e-07,1.22%,20.63%
277,ITAM, 아이텀게임즈 토큰 일일 분배 물량 주기 변경,2020.09.16,BTC,6.3e-07,5.9e-07,7.6e-07,1.22%,20.63%
278,OBSR, 옵저버 개인기상관측기(Personal Weather Station) “W-Station” 출시 및 관측 보상 공시,2020.09.14,조회 불가,조회 불가,조회 불가,조회 불가,-0.0001615639,조회 불가
279,HUNT, 헌트토큰 소각 및 베스팅 안내,2020.09.11,조회 불가,조회 불가,조회 불가,조회 불가,0.012400427,조회 불가
280,GOM2," 애니멀고, 코스닥 상장사 옵트론텍과 전략적 파트너쉽 체결",2020.09.11,BTC,2.5e-06,2.25e-06,2.57e-06,1.24%,2.8%
281,ITAM," 아이텀게임즈 ‘체인링크(Chainlink)’, 에이브(Aave) 프로토콜과 전략적 업무 협약 체결 및 업무 제휴 공시",2020.09.11,BTC,4.7e-07,4.3e-07,4.8e-07,1.24%,2.13%
282,PLA," 플레이댑, RPG ‘신과함께’ 구글 플레이 스토어에 출시",2020.09.10,조회 불가,조회 불가,조회 불가,조회 불가,0.003791938,조회 불가
283,ICX," 아이콘루프-사람인, 국내 최초로 채용 서비스 전반에 블록체인 기술 적용",2020.09.10,KRW,484.0,474.0,508.0,0.38%,4.96%
284,TON," 토카막 네트워크, 주요 투자자 스테이킹 참여 공시",2020.09.10,KRW,7740.0,7330.0,9960.0,0.38%,28.68%
285,MBL," 무비블록, 쎄타 네트워크와 협력하여 서비스에 프로토콜 도입",2020.09.10,KRW,1.76,1.75,1.84,0.38%,4.55%
286,OBSR, 옵저버 토큰 (OBSR) 재락업 설정 공지,2020.09.10,조회 불가,조회 불가,조회 불가,조회 불가,0.003791938,조회 불가
287,ONIT," 온버프, 일정 별 언락 물량 공시",2020.09.09,BTC,7.313e-05,5.911e-05,7.525e-05,-2.07%,2.9%
288,TON," 토카막 네트워크, 스테이킹 보상 시스템 공시",2020.09.09,KRW,5770.0,5630.0,7960.0,-2.07%,37.95%
289,MLK," 밀크, 페이코인(Paycoin)과 전략적 업무 제휴 협약 체결 공시",2020.09.02,KRW,250.0,242.0,250.0,1.7%,0.0%
290,PCI," 페이코인, 포인트 통합 플랫폼 밀크(Milk)와 업무 협약(MOU) 체결",2020.09.02,조회 불가,조회 불가,조회 불가,조회 불가,0.0170305677,조회 불가
291,OBSR," 옵저버, 부경대학교 웨더스테이션 공급계약 체결",2020.09.02,조회 불가,조회 불가,조회 불가,조회 불가,0.0170305677,조회 불가
292,CHZ," 칠리즈, 트라브존스포르 구단과 파트너쉽 발표",2020.09.02,KRW,17.4,17.1,19.1,1.7%,9.77%
293,CHZ, 칠리즈 코인 소각 안내,2020.09.02,KRW,17.4,17.1,19.1,1.7%,9.77%
294,UPP," 웁살라시큐리티, 과기정통부 주최 AI 데이터 가공 지원사업 선정",2020.09.02,KRW,24.5,24.0,25.5,1.7%,4.08%
295,OGN, 오리진 프로토콜 디샵(Dshop) 서비스 기능 업그레이드,2020.09.01,BTC,3.641e-05,3.387e-05,3.749e-05,0.5%,2.97%
296,META, 메타디움 DID 기반 무인 편의점 출입 서비스 출시,2020.09.01,조회 불가,조회 불가,조회 불가,조회 불가,0.0049740326,조회 불가
297,TSHP," 12Ships는 TSHP 월간 바이백&소각 완료, 파일코인(Filecoin)을 시범 채굴할 자체 노드를 구성합니다.",2020.08.31,KRW,5.59,5.56,5.75,1.49%,2.86%
298,CTSI, 카르테시 x 믹스마블 파트너쉽 체결,2020.08.28,BTC,7.36e-06,6.86e-06,7.32e-06,-1.18%,-0.54%
299,QKC," 쿼크체인, 멀티네이티브 토큰 DEX 'QSwap' 및 모바일 채굴 게임 'Element Miner' 출시",2020.08.28,KRW,9.35,8.8,9.5,-1.18%,1.6%
300,ICX," 아이콘루프, 신한은행과 금융권 DID 실명인증 서비스 국내 최초 사용화",2020.08.26,KRW,725.0,656.0,760.0,-2.88%,4.83%
301,CHZ," 칠리즈($CHZ), 코인베이스 커스터디 론칭",2020.08.26,KRW,20.4,18.0,20.5,-2.88%,0.49%
302,GOM2, GOM2 8월 바이백 및 소각 공개,2020.08.25,BTC,2.99e-06,2.61e-06,2.99e-06,0.54%,0.0%
303,TON, 스테이킹 서비스 출시 및 첫 스테이킹 파트너 공개,2020.08.25,조회 불가,조회 불가,조회 불가,조회 불가,0.0053615418,조회 불가
304,GOM2, 고머니2 곰투앱 (GOM2) 에서 De-Fi메뉴 추가,2020.08.21,BTC,2.39e-06,2.21e-06,2.41e-06,0.64%,0.84%
305,CRE," 캐리 프로토콜, 팀, 어드바이저, 재단 물량 분배 주기 변경",2020.08.20,KRW,2.95,2.73,3.04,-0.87%,3.05%
306,UPP," 웁살라시큐리티, 디파이 업체 DUCATO와 디지털 자산 AML 구축 및 서비스 보안강화 위한 파트너쉽 체결",2020.08.20,KRW,25.3,23.6,25.3,-0.87%,0.0%
307,DKA," 디카르고, 국내 최대 암호화폐 플랫폼 코박과 디파이(De-Fi) 프로그램 신규 론칭",2020.08.20,KRW,76.5,74.0,89.0,-0.87%,16.34%
308,ICX," 아이콘 네트워크 개발사 아이콘루프, 제주특별자치도와 블록체인 DID 신원인증 관련 업무 협약",2020.08.20,KRW,580.0,528.0,580.0,-0.87%,0.0%
309,MBL," 무비블록, 코로나 숏폼 다큐멘터리 투자 제작",2020.08.20,KRW,2.51,2.41,2.53,-0.87%,0.8%
310,DKA," 디카르고, 프라이빗 투자자들의 스테이킹 프로그램 참여",2020.08.19,KRW,84.3,71.1,86.9,-1.44%,3.08%
311,QKC," 쿼크체인, 멀티네이티브 토큰 경매 통한 사용자 네이티브 토큰 발행 시스템 출시",2020.08.19,KRW,9.78,9.5,10.4,-1.44%,6.34%
312,CHZ," 칠리즈($CHZ), 알라메다 리서치와 전략적 파트너쉽 체결",2020.08.18,KRW,23.0,21.6,24.2,2.27%,5.22%
313,PCI," 페이코인, 크립토 파이낸스 플랫폼 벨릭(VELIC)과 업무 협약 체결",2020.08.18,조회 불가,조회 불가,조회 불가,조회 불가,0.0226798186,조회 불가
314,STPT," STP 네트워크, 트라발라닷컴의 결제 토큰으로 추가",2020.08.18,KRW,34.7,33.1,36.9,2.27%,6.34%
315,ICX," 아이콘 네트워크, 더 나은 디앱을 사용 경험을 위하여 매직과 파트너쉽 및 연동 완료",2020.08.18,KRW,627.0,575.0,631.0,2.27%,0.64%
316,ORBS," 오브스(Orbs), DeFi를 위한 ORBS GRANT PROGRAM 공개",2020.08.18,KRW,21.4,21.0,21.7,2.27%,1.4%
317,ARDR, v2.3.2 출시로 주요 마일스톤 달성 및 신규 차일드 체인 출시 위한 하드포크 일정 공시,2020.08.18,KRW,79.3,78.7,84.3,2.27%,6.31%
318,STPT," STP 네트워크, DVP와 보안 강화를 위한 파트너쉽 체결",2020.08.14,KRW,28.6,27.6,29.9,0.74%,4.55%
319,CHZ," 칠리즈($CHZ), 스포츠 팬 글로벌 리워드를 위한 비자(VISA) 직불카드 'I AM MORE THAN A FAN' 론칭",2020.08.14,KRW,19.0,18.8,23.5,0.74%,23.68%
320,MLK, 밀크 사전 투자물량 일별 배포량 반감(halving) 공지,2020.08.12,KRW,256.0,247.0,266.0,-2.65%,3.91%
321,MBL, 토큰 (MBL) 유통량 및 분배 일정 안내,2020.08.11,KRW,2.54,2.49,2.64,1.23%,3.94%
322,IOST," 아이오에스티(IOST), 디파이(DeFi) 육성 위해 12억원 규모 펀드 런칭",2020.08.10,KRW,7.22,6.98,7.3,-0.48%,1.11%
323,OBSR, 위키트리(WikiTree) 미세먼지 및 기상데이터 공급 계약 체결,2020.08.10,조회 불가,조회 불가,조회 불가,조회 불가,-0.0048246562,조회 불가
324,HBAR, 헤데라 네트워크 서비스 공식적으로 오픈소스화,2020.08.07,KRW,51.5,50.1,52.8,0.3%,2.52%
325,BORA," BORA(보라), 델리오와 디파이(De-Fi) 서비스 위한 전략적 파트너쉽 체결",2020.08.06,KRW,33.5,33.5,110.0,3.93%,228.36%
326,OGN, 오리진 프로토콜 신제품 디샵(Dshop) 셀프스토어 구축 기능 출시,2020.08.06,BTC,2.8e-05,1.781e-05,3.929e-05,3.93%,40.32%
327,PXL," 픽션네트워크, 신임 대표이사 취임 공시",2020.08.04,KRW,14.8,14.6,15.0,1.86%,1.35%
328,CHZ," 칠리즈, 에스토니아 운영 라이센스 확보",2020.08.03,KRW,15.9,13.2,16.1,-6.41%,1.26%
329,BORA," BORA(보라), 게임 개발사 '픽톨로지'와 블록체인 게임 공동사업 계약 체결",2020.08.03,조회 불가,조회 불가,조회 불가,조회 불가,-0.0640712541,조회 불가
330,MBL, 토큰(MBL) 프라이빗 물량 지급 조기 완료 안내,2020.08.03,KRW,2.93,2.44,2.99,-6.41%,2.05%
331,CHZ, 칠리즈 코인 소각 안내,2020.07.31,KRW,14.4,14.2,19.0,-0.2%,31.94%
332,BORA," 보라(BORA), 글로벌 게임 개발사 '갈라랩'과 공동사업 계약 체결",2020.07.30,조회 불가,조회 불가,조회 불가,조회 불가,0.0275602881,조회 불가
333,HBAR, 헤데라 프리뷰넷 공개 소식,2020.07.30,KRW,50.6,49.2,53.4,2.76%,5.53%
334,META, 메타디움 DID 기술이 비대면 인증 솔루션 개발에 활용,2020.07.29,조회 불가,조회 불가,조회 불가,조회 불가,-0.0111489625,조회 불가
335,OGN, 오리진 프로토콜 자사 플랫폼 디샵(Dshop) 신규 파트너쉽 5개 채결,2020.07.29,BTC,2.769e-05,2.826e-05,2.945e-05,-1.11%,6.36%
336,OGN, 오리진 토큰(OGN) 코인베이스 커스터디(Coinbase Custody) 파트너쉽,2020.07.29,BTC,2.769e-05,2.826e-05,2.945e-05,-1.11%,6.36%
337,AHT, 아하토큰 소각 예정 물량 최종 소각 완료 안내,2020.07.28,KRW,2.63,2.63,10.3,10.25%,291.63%
338,UPP," 웁살라시큐리티, 델리오와 디지털 자산 AML 도입 및 서비스 보안강화를 위한 업무협약 체결",2020.07.28,KRW,24.1,22.2,24.1,10.25%,0.0%
339,ORBS," 오브스(Orbs), 새로운 POS 리워드 정책 공시",2020.07.27,KRW,21.1,20.1,21.6,2.07%,2.37%
340,HBAR, eftpos dCommerce 소액 결제 솔루션을 위해 헤데라 헤시그래프 협업,2020.07.23,KRW,49.1,48.6,51.7,1.31%,5.3%
341,PCI," 페이코인, 크립토 파이낸스 전문기업 델리오(Delio)와 업무 협약(MOU) 체결",2020.07.22,조회 불가,조회 불가,조회 불가,조회 불가,0.0157990868,조회 불가
342,UPP," 웁살라시큐리티, 서울신문과 온라인 공익플랫폼 ""코인셜록"" 공동 발족",2020.07.21,KRW,22.8,22.6,24.1,0.06%,5.7%
343,MED," 메디블록, 신한생명과 실손 보험 간편 청구 서비스 연동 완료",2020.07.17,KRW,5.22,4.9,5.26,-0.37%,0.77%
344,AHT, 아하토큰 3차 소각 안내,2020.07.17,조회 불가,조회 불가,조회 불가,조회 불가,-0.0037357631,조회 불가
345,MBL," 무비블록, 모모랜드 콘서트 메이킹 필름 제작",2020.07.16,KRW,2.46,2.39,2.62,-0.32%,6.5%
346,QKC," 쿼크체인, 아마존 웹서비스(AWS) 기반 BaaS 플랫폼 출시",2020.07.16,KRW,8.28,8.12,8.56,-0.32%,3.38%
347,RINGX, RINGX 재단 토큰 소각 안내,2020.07.14,BTC,2.001e-05,1.616e-05,2.555e-05,-0.33%,27.69%
348,WAXP," 왁스, 디지털 트레이딩 카드 'GPK Goes Exotic' 출시",2020.07.14,KRW,65.0,64.2,70.2,-0.33%,8.0%
349,MOC," 모스랜드, 2020 2Q 모스코인 바이백 결과 안내",2020.07.13,KRW,22.5,22.0,22.6,0.72%,0.44%
350,PCI," 페이코인, 매드포갈릭 운영사 MFG KOREA와 서비스 제휴 및 사업 협력 MOU 체결",2020.07.10,조회 불가,조회 불가,조회 불가,조회 불가,-0.0158915425,조회 불가
351,QKC, 쿼크체인 플랫폼 오픈소스에서 1백만 이상 TPS 달성,2020.07.10,KRW,7.9,7.9,9.37,-1.59%,18.61%
352,MLK, 스테이킹형 리워드 프로그램인 '밀크팩' 도입 공시,2020.07.08,KRW,232.0,229.0,236.0,-0.7%,1.72%
353,QKC," 쿼크체인, 중국 정부 산하 자원관리 플랫폼 개발 프로젝트 수주",2020.07.07,KRW,7.07,6.89,7.11,2.16%,0.57%
354,ARDR," BBB Wise Giving Alliance, 기부 플랫폼 GiveSafely.io의 기반 기술로 Ardor 선정 및 출시",2020.07.06,KRW,59.7,58.5,61.2,-0.49%,2.51%
355,NPXS, Pundi X의 블록체인 기반 POS 기기에서 PayPal 사용 지원,2020.07.06,KRW,0.22,0.21,0.24,-0.49%,9.09%
356,HBAR, 헤데라 거버닝 카운슬 업데이트 - 새로운 맴버,2020.07.03,KRW,46.6,44.7,46.8,-1.47%,0.43%
357,PXL,"  픽션네트워크, 영어 및 중국어 지원 시작하며 본격 글로벌 서비스 돌입",2020.07.02,KRW,14.8,14.4,15.1,1.36%,2.03%
358,TTC," 업비트 세이프 TTC 지원 및 DXM, TTC 에코시스템 파트너 합류 공시",2020.07.01,조회 불가,조회 불가,조회 불가,조회 불가,-0.006288735,조회 불가
359,MBL," 무비블록, 자회사 통한 할리우드 팀과의 자체 영화 제작으로 사업 영역 확대",2020.07.01,KRW,2.08,2.06,2.31,-0.63%,11.06%
360,IOST," BSN, IOST '샨이우(Shanyiou) 플랫폼' 공식 앱으로 선정",2020.07.01,KRW,6.69,6.35,6.71,-0.63%,0.3%
361,UPP," 웁살라시큐리티, 삼성전자 블록체인서비스와 고객지원업무제휴 계약 체결",2020.07.01,KRW,18.6,18.2,36.4,-0.63%,95.7%
362,TSHP," 12ships, 밴코어스(Vancores)와 함께 채굴 분야의 개발 전략 업그레이드",2020.06.30,KRW,5.61,5.33,5.65,0.02%,0.71%
363,CRE," 캐리 프로토콜, 파트너사 회원 대상 오프라인 데이터 수집 활동 전개",2020.06.29,KRW,2.79,2.46,2.9,0.52%,3.94%
364,WAXP, 카운슬 새 맴버 발표,2020.06.25,KRW,68.3,63.7,68.6,-2.4%,0.44%
365,META, 메타디움 마이키핀 DID 적용한 비대면 AI 교육 학습관리 개발사업 시행,2020.06.23,조회 불가,조회 불가,조회 불가,조회 불가,0.0315892508,조회 불가
366,CHZ," 칠리즈, FC 바르셀로나 팬 토큰($BAR) 출시",2020.06.22,KRW,16.1,15.9,17.1,-0.77%,6.21%
367,IOST," 아이오에스티(IOST), 중국 국가기록원과 전략적 제휴",2020.06.22,KRW,7.34,7.08,7.42,-0.77%,1.09%
368,TT," 썬더코어, 타이페이시 정부 정보국 TT체인 노드 검수 성공",2020.06.20,KRW,7.13,6.95,7.36,-0.48%,3.23%
369,HBAR, 헤데라 해시그래프 월드 와이드 웹 컨소시움 (W3C) 합류,2020.06.18,KRW,50.2,49.3,52.0,-0.14%,3.59%
370,DKA," 디카르고, 캐롯손해보험과 파트너쉽 발표",2020.06.17,조회 불가,조회 불가,조회 불가,조회 불가,0.0094306363,조회 불가
371,STPT," STP 네트워크, DeFi 이니셔티브 출범 (총 5천만 STPT 규모)",2020.06.17,KRW,20.0,18.5,19.9,0.94%,-0.5%
372,AHT," 아하토큰, 2차 소각 안내",2020.06.16,조회 불가,조회 불가,조회 불가,조회 불가,0.0088920505,조회 불가
373,HBAR, 헤데라 거버닝 카운슬 새 맴버 발표,2020.06.14,KRW,50.8,49.9,51.5,0.07%,1.38%
374,CHZ," 칠리즈, Chiliz.net에 유벤투스, 갈라타사라이, 파리 생제르맹 팬 토큰 상장",2020.06.12,KRW,14.7,13.0,15.1,-5.51%,2.72%
375,AHT, 아하토큰 1차 소각 안내,2020.06.11,조회 불가,조회 불가,조회 불가,조회 불가,0.004192334,조회 불가
376,WAXP, WAX 자문위원회 발표,2020.06.09,KRW,97.5,92.0,103.0,0.03%,5.64%
377,META," [META] 부산시, 메타디움 DID 블록체인 활용 공공 서비스 개시",2020.06.09,조회 불가,조회 불가,조회 불가,조회 불가,0.0002566955,조회 불가
378,OBSR," 옵저버 제 1 저자, 서울대 외 학회 공동 참여 논문 게재 확정",2020.06.05,조회 불가,조회 불가,조회 불가,조회 불가,0.0107213312,조회 불가
379,COSM," 코스모체인, 2020년 6월 주요 공시",2020.06.04,조회 불가,조회 불가,조회 불가,조회 불가,0.0111111111,조회 불가
380,BORA," BORA(보라), 아스텔리아 글로벌 서비스 이관 통합 사업 확장",2020.06.04,조회 불가,조회 불가,조회 불가,조회 불가,0.0111111111,조회 불가
381,TT," 썬더코어, 타이페이시 정부 인터넷 투표 시스템 i-Voting 기술 통합 완료",2020.06.04,KRW,8.1,7.83,8.57,1.11%,5.8%
382,THETA," 구글 클라우드, 쎄타 네트워크 메인넷 2.0 출시 파트너 및 기업 검증자 노드로 합류",2020.05.27,KRW,429.0,417.0,580.0,-0.89%,35.2%
383,MED," 메디블록, 정보보안 국제표준 'ISO 27001' 인증 취득",2020.05.26,KRW,4.45,4.42,7.42,1.51%,66.74%
384,CRE," 캐리프로토콜, 투자자 대상 물량 언락 종료 공시",2020.05.25,KRW,1.84,1.83,2.03,-4.27%,10.33%
385,MBL," 무비블록, 배급사 호우주의보와 파트너쉽 체결",2020.05.22,KRW,1.65,1.58,1.83,-3.84%,10.91%
386,SOLVE," 솔브케어, 원격의료 거래소(GTHE) 플랫폼 출시 발표",2020.05.22,KRW,169.0,155.0,287.0,-3.84%,69.82%
387,UPP," 웁살라시큐리티, NSHC 기술제휴 및 사업협력 MOU/NDA 체결",2020.05.21,KRW,19.7,18.0,19.8,-1.66%,0.51%
388,TT," 썬더코어, TT 메인넷 PaLa R2 업그레이드",2020.05.22,KRW,6.35,6.12,6.8,-3.84%,7.09%
389,TTC," TTC 재단, '워크박스(WorkBox)' 프로젝트 런칭 및 탈중앙화 금융 강화",2020.05.19,조회 불가,조회 불가,조회 불가,조회 불가,0.0074016697,조회 불가
390,MOC," 모스랜드, 인도네시아 종합 쇼핑몰 '퍼시픽 플레이스'와 제휴",2020.05.19,KRW,26.5,24.2,38.9,0.74%,46.79%
391,MED," 메디블록, KT - 게이츠재단 감염병 대응 연구 컨소시엄 참여",2020.05.18,KRW,3.54,3.53,3.71,2.6%,4.8%
392,MOC," 모스랜드, 모바일 게임 '로열 마블 매니저' 소프트 런칭",2020.05.15,KRW,19.1,18.7,24.3,4.51%,27.23%
393,BORA," BORA(보라), 라온엔터테인먼트의 자회사 제나애드와 게임 및 IP 활용 위한 파트너쉽 체결",2020.05.14,조회 불가,조회 불가,조회 불가,조회 불가,0.0553526271,조회 불가
394,MBL," MBL Media, 호주 원작 '놀라부' 애니메이션, 영화 개발 및 제작 글로벌 독점권 계약 체결",2020.05.14,KRW,1.47,1.45,1.5,5.54%,2.04%
395,MLK," 밀크, 개발사(Team) 및 기업 Partners 물량 관련 공시",2020.05.13,KRW,220.0,219.0,236.0,2.19%,7.27%
396,META," 메타디움, 중남미 2천만 사용자 대상 DID 기반 디지털 월렛 '카이보 키핀' 출시",2020.05.13,조회 불가,조회 불가,조회 불가,조회 불가,0.0219180704,조회 불가
397,ANKR," 앵커(ANKR), '번영을 위한 셀로 연맹(Celo Alliance)' 가입",2020.05.08,KRW,2.1,1.99,2.12,6.47%,0.95%
398,CHZ," 칠리즈, UFC와 글로벌 파트너쉽 발표",2020.05.07,KRW,11.2,11.2,14.5,2.71%,29.46%
399,MED," 메디블록 컨소시엄, 민간주도 블록체인 사업대상자 선정",2020.05.07,KRW,3.52,3.37,3.59,2.71%,1.99%
400,HBAR," 헤데라 해시그래프, 거버닝 카운슬 새 맴버 : 유니버시티 칼리지 런던 (University College London)",2020.05.07,KRW,48.6,47.2,49.6,2.71%,2.06%
401,MOC," 모스랜드, VR 포커게임 Gangsta Underground 출시",2020.05.06,KRW,18.8,18.1,19.0,1.12%,1.06%
402,EMC2, 아인스타이늄 보건복지부 지정 국민안심병원 부평세림병원과 COVID-19 대응 MOU 체결,2020.05.06,KRW,58.8,56.5,60.8,1.12%,3.4%
403,UPP," 웁살라시큐리티, 프로스트 앤 설리번 '2020 아시아 태평양 블록체인-암호화폐 혁신상' 아태지역 최초 수상",2020.05.06,KRW,17.2,16.8,17.9,1.12%,4.07%
404,ORBS," 오브스(Orbs), 경영진 인사 변동 공시",2020.05.06,KRW,12.3,12.0,12.5,1.12%,1.63%
405,MLK, 밀크 - 신세계면세점 정식 서비스 론칭,2020.05.06,KRW,268.0,261.0,268.0,1.12%,0.0%
406,QKC," 쿼크체인, 첫 블록 채굴 보상감소 일정 공지",2020.05.04,KRW,3.58,3.39,3.85,0.05%,7.54%
407,MOC," 모스랜드, 2020 1Q 모스코인 바이백 결과 안내",2020.05.04,KRW,19.7,18.8,20.0,0.05%,1.52%
408,HBAR," 헤데라 해시그래프, The coupon bureau 유즈케이스 및 킹덤 트러스트 HBAR 지원 관련",2020.05.04,KRW,53.5,46.5,53.5,0.05%,0.0%
409,MED," 메디블록, 부산-울산-경남 지역 최대 의료재단 은성의료재단과 MOU 체결",2020.04.27,KRW,3.35,3.23,3.4,2.31%,1.49%
410,CHZ," 칠리즈, 토큰의 유동성 향상을 위해 소시오스닷컴 앱 내 출금 기능 개시",2020.04.24,KRW,7.95,7.72,8.35,4.87%,5.03%
411,EMC2," 아인스타이늄, 재단 핵심 인력 변동 공시",2020.04.23,KRW,45.9,45.0,46.8,2.72%,1.96%
412,PXL," PXL(픽셀), 120만 유저들이 사용하는 e스포츠 플랫폼으로 사용처 확대",2020.04.24,KRW,14.6,14.2,14.9,4.87%,2.05%
413,UPP," 웁살라 시큐리티, 법무법인(유한) 바른과 국내 최초 '디지털자산 사기 피해 회복 토털 법률서비스' 런칭",2020.04.23,KRW,15.0,14.9,15.9,2.72%,6.0%
414,TSHP, 트웰브쉽스 재단 Vancores 운영사 선임안에 대한 투표 결과,2020.04.23,KRW,4.92,4.83,5.01,2.72%,1.83%
415,MED," 메디블록, 병원용 EHR 솔루션 출시 및 3주년 사업 성과 공유",2020.04.23,KRW,3.08,3.0,3.15,2.72%,2.27%
416,MLK, 밀크-야놀자 시스템 개발 완료 공시,2020.04.23,KRW,259.0,255.0,289.0,2.72%,11.58%
417,QKC," 쿼크체인, 공식 월렛 큐포켓(QPocket), 메이커다오와 협력",2020.04.21,KRW,3.24,3.23,4.01,-3.15%,23.77%
418,BORA," BORA(보라), 바른손이엔에이의 자회사 스튜디오8과 '아스텔리아' 시리즈 서비스 계약 체결",2020.04.21,조회 불가,조회 불가,조회 불가,조회 불가,-0.0315242494,조회 불가
419,AERGO," AERGO, TROY network와 전략적 파트너쉽 체결",2020.04.21,KRW,25.4,24.4,25.8,-3.15%,1.57%
420,TSHP," 12SHIPS, 트웰브쉽스 재단 Vancores 운영사 선임안 투표진행",2020.04.13,KRW,5.25,5.18,5.36,0.08%,2.1%
421,BORA," BORA(보라), 글로벌 게임 시장에 모바일 게임 세븐가디언즈 with BORA 론칭",2020.04.10,조회 불가,조회 불가,조회 불가,조회 불가,-0.0019272191,조회 불가
422,ARDR," Jelurida, ARDOR 차일드 체인 확장을 위해 Labrys와 파트너쉽 체결",2020.04.08,KRW,41.3,39.2,43.4,-1.43%,5.08%
423,ORBS," 오브스, 새로운 POS 참여방법 공시",2020.04.08,KRW,12.3,11.9,12.4,-1.43%,0.81%
424,STORM," 스톰 X, 리워드 프로그램 출시",2020.04.07,조회 불가,조회 불가,조회 불가,조회 불가,0.0717248109,조회 불가
425,META," 메타디움, THEPOL 베타 출시 및 매일경제신문사와 미디어 파트너쉽 체결",2020.04.07,조회 불가,조회 불가,조회 불가,조회 불가,0.0717248109,조회 불가
426,UPP," 웁살라시큐리티, 싱가포르통화청(MAS) 산하기관에 디지털 자산자금세탁방지 솔루션 제공",2020.04.06,KRW,15.7,15.5,15.8,-0.62%,0.64%
427,MED," 메디블록, 세브란스병원과 메디패스 서비스 연동 완료",2020.04.03,KRW,3.03,2.94,3.08,1.24%,1.65%
428,PXL," 픽션네트워크, LINKA PAY 도입해 PXL 사용의 대중화 계기 마련",2020.04.02,조회 불가,조회 불가,조회 불가,조회 불가,0.0352609309,조회 불가
429,STPT," STP 네트워크, 삼성 블록체인 '파트너 디앱' 합류",2020.04.02,KRW,18.1,17.0,18.2,3.53%,0.55%
430,MBL," 무비블록, 무비블록 픽(MovieBloc PICK) 신규 서비스 오픈 및 영화공모 안내",2020.03.30,KRW,1.79,1.65,1.84,-5.72%,2.79%
431,NPXS," 펀디엑스, 싱가포르 통화 당국(MAS) 펀디엑스에 라이센스 임시면제 부여",2020.03.26,KRW,0.14,0.13,0.14,-1.15%,0.0%
432,ANKR," 앵커, 보닉(BONIC) 기부 컴퓨팅으로 코로나(Covid-19) 연구 지원",2020.03.26,KRW,1.6,1.5,1.6,-1.15%,0.0%
433,TTC," TTC재단, 신규 디앱 개발사 '플루토체인'에 250만 TTC 투자",2020.03.26,조회 불가,조회 불가,조회 불가,조회 불가,-0.0114736465,조회 불가
434,PXL," 픽션네트워크, 유통량 현황 및 향후 계획 공시",2020.03.25,조회 불가,조회 불가,조회 불가,조회 불가,0.0397663726,조회 불가
435,CRE," 캐리, 중국 진출 발판을 위한 CRE 바나나톡 리스팅",2020.03.24,KRW,1.64,1.55,1.76,9.25%,7.32%
436,META," 메타디움, 블록체인 금융 서비스 전문 기업 Celo가 주도하는 'Celo 얼라이언스' 참여",2020.03.19,조회 불가,조회 불가,조회 불가,조회 불가,-0.0042810747,조회 불가
437,COSM," 코스모체인, COSM 소각 관련 공시",2020.03.18,조회 불가,조회 불가,조회 불가,조회 불가,0.0609240407,조회 불가
438,HBAR," 헤데라 해시그래프, 거버닝 카운슬 새 맴버 발표",2020.03.19,KRW,47.3,42.9,49.7,-0.43%,5.07%
439,MED," 메디블록, 블록체인기반 간편보험청구 서비스 '메디패스' iOS 버전 출시",2020.03.19,KRW,3.03,2.7,3.05,-0.43%,0.66%
440,MBL," 무비블록, MBL media 설립 및 안홍주 대표이사 선임",2020.03.18,KRW,1.36,1.32,1.49,6.09%,9.56%
441,TTC," TTC, 블록체인 첫 번째 반감기 및 티그리스 청산 기능 정상화 공시",2020.03.17,조회 불가,조회 불가,조회 불가,조회 불가,-0.0758431032,조회 불가
442,STORM," 스톰 X, 암호화폐 캐시백 서비스 스톰샵(StormShop) 한국 진출",2020.03.12,조회 불가,조회 불가,조회 불가,조회 불가,-0.0066847713,조회 불가
443,BORA," BORA(보라), 글로벌 게임 서비스 환경 구축 위한 BORA 아일랜드 2.0 출시",2020.03.12,조회 불가,조회 불가,조회 불가,조회 불가,-0.0066847713,조회 불가
444,ORBS," 오브스(ORBS), 삼성 블록체인 파트너쉽 공시",2020.03.12,조회 불가,조회 불가,조회 불가,조회 불가,-0.0066847713,조회 불가
445,MLK," 밀크(MiL.K), 신규 파트너로 신세계면세점 합류",2020.03.12,KRW,726.0,680.0,730.0,-0.67%,0.55%
446,META," 메타디움, 메타(META) 코인 활용 투표/조사 모바일앱, ""THEPOL (서명과 여론)"" 출시 예정",2020.03.11,조회 불가,조회 불가,조회 불가,조회 불가,-0.015628213,조회 불가
447,QKC," 쿼크체인, Nuts Finance와 기술 및 사업 제휴",2020.03.10,KRW,4.09,3.96,6.44,-1.52%,57.46%
448,QKC," 쿼크체인, 멀티네이티브 토큰 출시",2020.03.09,KRW,4.76,4.06,4.84,-7.51%,1.68%
449,NXT," NXT, 메인넷 클라이언트 v1.12.1 출시 및 하드포크 일정 안내",2020.03.04,BTC,1.5e-06,1.44e-06,1.7e-06,-1.62%,13.33%
450,META," 메타디움 엔터프라이즈 플랫폼, 과학기술정보통신부 TTA 성능시험 통해 기술경쟁력 입증",2020.03.04,조회 불가,조회 불가,조회 불가,조회 불가,-0.016206089,조회 불가
451,STPT," STP네트워크, 코박 내 사용으로 수요처 확보, 유틸리티 확대 예정",2020.02.28,조회 불가,조회 불가,조회 불가,조회 불가,-0.0039102504,조회 불가
452,TSHP," 12SHIPS, 2020년 2월 TSHP 소각",2020.02.28,KRW,12.9,11.8,16.7,-0.39%,29.46%
453,BORA," BORA(보라), 댑레이더와 전략제휴 계약 체결 및 프로토콜 프로젝트 합류",2020.02.26,조회 불가,조회 불가,조회 불가,조회 불가,-0.0260465916,조회 불가
454,MOC," 모스랜드, 루니버스 메인넷으로 토큰 스왑 계획 공시",2020.02.20,KRW,60.3,47.0,63.0,-3.57%,4.48%
455,MBL," 무비블록, 알리바바 X 유쿠 플랫폼 '따위하오'에 무비블록 공식 채널 오픈",2020.02.20,KRW,6.09,5.46,6.37,-3.57%,4.6%
456,CPT, 콘텐츠 프로토콜 사업 종료 및 잔여 자산 배분 관련,2020.02.20,조회 불가,조회 불가,조회 불가,조회 불가,-0.0357323872,조회 불가
457,STORM," 스톰토큰, 2020 로드맵, 신규 제품 및 파트너쉽 관련",2020.02.18,조회 불가,조회 불가,조회 불가,조회 불가,-0.0189553135,조회 불가
458,CPT," 콘텐츠 프로토콜, 사업 종료 및 잔여 자산 배분 공지",2020.02.19,조회 불가,조회 불가,조회 불가,조회 불가,0.0349711488,조회 불가
459,ENJ," 엔진플랫폼, 이더리움 메인넷 론칭 완료",2020.02.19,KRW,164.0,150.0,171.0,3.5%,4.27%
460,MOC," 모스랜드, 서비스 수익연동 MOC 바이백 프로그램 계획 공시",2020.02.19,KRW,80.3,58.3,97.0,3.5%,20.8%
461,MBL," 무비블록, 국내 최대 커뮤니티 코박 플랫폼 양수 및 MovieBloc 노드 스테이킹 보상",2020.02.18,KRW,5.14,4.73,5.47,-1.9%,6.42%
462,MOC," 모스랜드, 신규 서비스 출시 및 파트너쉽 관련 공시",2020.02.17,KRW,29.9,22.8,31.1,1.36%,4.01%
463,META," 메타디움 DID, 2천만 사용자 보유한 중남미 지역 게임 퍼블리싱 플랫폼에서 3월부터 이용 가능",2020.02.14,조회 불가,조회 불가,조회 불가,조회 불가,0,조회 불가
464,UPP," 웁살라시큐리티, 암호화폐 추적 솔루션 BTC 추적 기능 추가",2020.02.14,KRW,22.9,19.3,29.2,0%,27.51%
465,STPT," STP네트워크, 슈퍼노드 스테이킹 출시 통한 2400만 STPT락업",2020.02.14,조회 불가,조회 불가,조회 불가,조회 불가,0,조회 불가
466,HBAR, 헤데라 해시그래프 거버닝 카운슬 새 멤버 발표,2020.02.12,KRW,30.4,29.6,43.3,2.6%,42.43%
467,MBL," 무비블록, 토큰스왑 지원 및 파트너쉽 관련 공시",2020.02.10,KRW,1.99,1.96,2.03,2.19%,2.01%
468,BORA," BORA(보라) 개발사 웨이투빗, 티웨이브와 전략적 제휴 체결",2020.02.07,조회 불가,조회 불가,조회 불가,조회 불가,0.0189976479,조회 불가
469,STPT," STP 네트워크, 최대 연이율 30% 스테이킹 프로그램 출시",2020.02.07,조회 불가,조회 불가,조회 불가,조회 불가,0.0189976479,조회 불가
470,MOC," 모스랜드, 더 헌터스 'iF 디자인 어워드 수상",2020.02.05,KRW,20.1,19.4,20.9,-1.07%,3.98%
471,ANKR," ANKR, 파트너쉽 및 기타 공시",2020.02.05,KRW,2.53,2.46,2.8,-1.07%,10.67%
472,TSHP," 12SHIPS, 2020년 첫 TSHP 소각",2020.01.31,KRW,14.8,14.2,14.8,1.02%,0.0%
473,UPP," 센티넬프로토콜, 삼성 블록체인 월렛의 DApp에 리스팅",2020.01.28,KRW,17.1,16.1,17.1,1.67%,0.0%
474,TTC," 티티씨, TTC 재단 2020상반기 전략 관련 공시",2020.01.15,조회 불가,조회 불가,조회 불가,조회 불가,0.0593109464,조회 불가
475,TTC," 티티씨, 티그리스 프로토콜 내 담보대출 서비스(CDS) 출시",2019.11.15,조회 불가,조회 불가,조회 불가,조회 불가,-0.0133189697,조회 불가
476,MED," 메디블록, 우리아이들병원과 MOU 체결",2019.11.15,KRW,5.09,4.95,5.26,-1.33%,3.34%
477,MBL," 무비블록, 한겨레 교육 파트너쉽 체결",2019.11.13,KRW,2.07,1.97,2.08,0.88%,0.48%
478,SOLVE," 솔브케어, 최고 의료 책임자 임명",2019.11.13,KRW,135.0,130.0,139.0,0.88%,2.96%
479,TSHP," 12SHIPS, 첫 소각 개시",2019.11.04,KRW,21.7,21.1,22.3,-0.79%,2.76%
480,COSM," 코스모체인, 바이백 진행 및 토큰 모델 구현을 통한 유통량 감소",2019.11.05,조회 불가,조회 불가,조회 불가,조회 불가,0.0075243846,조회 불가
481,JNT," 지브렐, 블록체인 기반 프라이빗 파이낸싱 플랫폼으로 아부다비 Innovation Challenge 우승",2019.11.13,조회 불가,조회 불가,조회 불가,조회 불가,0.0087529504,조회 불가
482,SOLVE," 솔브케어, 재무/행정 본부장 임명, 사무실 개설 및 본사 이전 관련 공시",2019.11.01,KRW,141.0,139.0,155.0,0.09%,9.93%
483,UPP," 센티넬프로토콜, Uppsala Security로 리브랜딩",2019.10.28,KRW,11.1,11.0,12.4,2.28%,11.71%
484,COSM," 코스모체인, 율리시스 캐피탈 추가 투자",2019.10.25,조회 불가,조회 불가,조회 불가,조회 불가,-0.0094040335,조회 불가
485,ARDR," Ardor, Full Node 운영이 가능한 안드로이드 앱 출시",2019.10.22,KRW,60.3,58.1,60.7,-0.48%,0.66%
486,THETA," 세타, DLive와 파트너쉽 체결",2019.10.10,KRW,108.0,102.0,110.0,4.67%,1.85%
487,COSM," 코스모체인, 2019년 3분기 바이백 완료 및 2500만 COSM 소각 완료",2019.10.11,조회 불가,조회 불가,조회 불가,조회 불가,-0.001473188,조회 불가
488,UPP," 센티넬프로토콜, 크립토 분석 위험도 평가 솔루션 'CARA' 런칭",2019.10.11,KRW,12.0,11.7,12.8,-0.15%,6.67%
489,ORBS," 오브스, 블록체인교육연합(BEA) 파트너쉽 공시",2019.10.11,조회 불가,조회 불가,조회 불가,조회 불가,-0.001473188,조회 불가
490,JNT," 지브렐, 블록체인 기반 프라이빗 파이낸싱 플랫폼 출시",2019.10.11,조회 불가,조회 불가,조회 불가,조회 불가,-0.001473188,조회 불가
491,MED," 메디블록, 심볼 및 로고 변경",2019.10.08,KRW,4.16,4.0,5.97,3.24%,43.51%
492,MBL," 무비블록, 신규 온톨로지(Ontology) 플랫폼 노드로 선정",2019.11.13,KRW,2.07,1.97,2.08,0.88%,0.48%
493,MBL," 무비블록, DMZ 국제다큐영화제 파트너쉽 체결 공시",2019.10.17,KRW,1.91,1.83,1.92,-2.0%,0.52%
494,QKC," 쿼크체인, TokenTuber와 전략적 파트너쉽",2019.10.02,KRW,6.6,6.52,7.19,0.42%,8.94%
495,TTC," 티티씨, TTC내 탈중앙화금융(DeFi) 티그리스 프로토콜 오픈베타 시작",2019.10.02,조회 불가,조회 불가,조회 불가,조회 불가,0.0042232278,조회 불가
496,LUNA," 테라, 업무협약 관련 공시",2019.10.01,BTC,0.00010319,0.00010061,0.00013,2.84%,25.98%
497,COSM," 코스모체인, 구체적인 토큰 이코노미 설계 방향을 담은 블루페이퍼 발표",2019.09.30,조회 불가,조회 불가,조회 불가,조회 불가,-0.02066032,조회 불가
498,MEDX," 메디블록, 하얼빈시 제2병원 기술 수출",2019.09.30,조회 불가,조회 불가,조회 불가,조회 불가,-0.02066032,조회 불가
499,TSHP," 12SHIPS, 첫 마일스톤 달성, 한산도풀 오픈",2019.09.24,KRW,23.7,22.5,25.2,-3.28%,6.33%
500,BORA," 보라플랫폼, 토큰 발행량 일부 소각 계획 공시",2019.09.18,조회 불가,조회 불가,조회 불가,조회 불가,-0.005934229,조회 불가
501,BORA," 보라플랫폼, 이더리움에서 클레이튼 메인넷으로 이전 확정 및 토큰 스왑 계획 공시",2019.09.18,조회 불가,조회 불가,조회 불가,조회 불가,-0.005934229,조회 불가
502,STPT," STPT네트워크, 바이백 토큰 전량 소각 발표",2019.09.18,조회 불가,조회 불가,조회 불가,조회 불가,-0.005934229,조회 불가
503,COSM," 코스모체인, 클레이튼폰 내 기본 탑재",2019.09.06,조회 불가,조회 불가,조회 불가,조회 불가,0.000237323,조회 불가
504,STPT," STP네트워크, 온톨로지와 PoB 페이먼트 프로그램 발표",2019.08.30,조회 불가,조회 불가,조회 불가,조회 불가,-0.0222278782,조회 불가
505,THETA," 세타, 세타 네트워크의 검증 노드를 운영 할 최초의 기업 파트너사 발표",2019.08.28,KRW,144.0,143.0,159.0,-1.71%,10.42%
506,MBL," 무비블록, 무료 베타 서비스 오픈 공시",2019.08.27,KRW,2.25,2.16,2.54,1.66%,12.89%
507,LUNA," 테라, 홍콩 해시키 캐피탈로 부터 투자 유치",2019.08.23,BTC,0.00012841,0.00011589,0.00012931,-0.68%,0.7%
508,POWR," 파워렛저, 서호주 P2P 에너지 거래 프로젝트 2단계 돌입",2019.08.21,KRW,67.6,65.4,67.8,-1.62%,0.3%
509,QKC," 쿼크체인, 한국모바일게임협회 및 한국 블록체인 콘텐츠 협회와 파트너쉽 체결",2019.08.20,KRW,18.4,18.4,19.8,5.24%,7.61%
510,MEDX," 메디블록, 토큰스왑 일정 공개",2019.08.20,조회 불가,조회 불가,조회 불가,조회 불가,0.0524422416,조회 불가
511,ELF," 엘프, 일본 기프트 카드 교환 플랫폼 Ameten(아마튼)과 전략적 파트너쉽 체결",2019.08.20,KRW,107.0,105.0,113.0,5.24%,5.61%
512,LUNA," 테라, 국내 대표 음원 스트리밍 서비스 벅스와 파트너쉽 체결",2019.08.14,BTC,0.0001134,0.00010814,0.00013395,-4.01%,18.12%
513,MBL," 무비블록, (사)한국독립PD협회와 파트너쉽 체결",2019.08.14,KRW,2.17,2.07,2.23,-4.01%,2.76%
514,STPT," STP네트워크, 프라이빗 세일 Fast Unlock 옵션 및 추가 소각 발표",2019.08.08,조회 불가,조회 불가,조회 불가,조회 불가,0.031708025,조회 불가
515,TTC," 티티씨, TTC 홀더 대상 DeFi 프로젝트 토큰 세일, 락드랍(Lockdrop) 지원 및 TTC 에코펀드 출자",2019.08.08,조회 불가,조회 불가,조회 불가,조회 불가,0.031708025,조회 불가
516,QKC," 쿼크체인, 대량 바이백 프로그램 및 팀/재단 물량 락업 연장",2019.08.07,KRW,17.4,17.0,21.2,-2.81%,21.84%
517,SOLVE," 솔브케어, 주요인사 관련 공시",2019.08.07,KRW,206.0,185.0,215.0,-2.81%,4.37%
518,AERGO," 아르고, 블로코 시드(SEED) 그룹과 중동, 북아프리카 지역 블록체인 인프라 구축 관련 파트너쉽 체결",2019.08.06,KRW,130.0,130.0,140.0,9.44%,7.69%
519,LUNA," 테라, 국내 1위 B2B 패션 플랫폼 신상마켓과 파트너쉽 체결",2019.08.05,BTC,0.00011799,0.00011163,0.0001205,1.45%,2.13%
520,UPP," 센티넬프로토콜, 옥타솔루션 고객사와 자금세탁방지 구축 공급 계약 체결",2019.08.05,KRW,20.5,18.2,20.6,1.45%,0.49%
521,UPP," 센티넬프로토콜, Hexlant. (헥슬란트)와 전략적 파트너쉽 체결",2019.08.05,KRW,20.5,18.2,20.6,1.45%,0.49%
522,ORBS," 오브스, 파트너쉽 및 메인넷 업데이트 관련",2019.08.02,조회 불가,조회 불가,조회 불가,조회 불가,0.0301078866,조회 불가
523,QKC," 쿼크체인, 토큰스왑 시작 (7/31)",2019.07.31,KRW,16.7,16.3,17.4,0.38%,4.19%
524,MEDX," 메디블록, 메인넷 패너시어(Panacea) 런칭",2019.07.31,조회 불가,조회 불가,조회 불가,조회 불가,0.0038120567,조회 불가
525,STPT," STP네트워크, 체인링크와 오라클 연동 발표",2019.07.30,조회 불가,조회 불가,조회 불가,조회 불가,-0.0026525199,조회 불가
526,CPT," 콘텐츠프로토콜, MBC와 파트너쉽 체결",2019.07.29,조회 불가,조회 불가,조회 불가,조회 불가,0,조회 불가
527,QKC," 쿼크체인, 체인링크와 파트너쉽",2019.07.26,KRW,16.4,16.3,17.1,1.14%,4.27%
528,MBL," 무비블록, 투자 기관 락업 및 베스팅 기간 연장 공시",2019.07.26,KRW,2.9,2.86,3.18,1.14%,9.66%
529,UPP," 센티넬프로토콜, Kyber Network (카이버네트워크)와 파트너쉽 체결",2019.07.25,KRW,20.3,20.0,30.5,-1.58%,50.25%
530,META," 메타디움, 부산시의 블록체인 기반 공공안전 영상제보 서비스에 메타디움 DID 기술 적용",2019.07.25,조회 불가,조회 불가,조회 불가,조회 불가,-0.0157667204,조회 불가
531,TTC," 티티씨, BTC.com과 파트너쉽 체결 및 BTC.com 대표자 참여",2019.07.24,조회 불가,조회 불가,조회 불가,조회 불가,-0.0416734362,조회 불가
532,RFR," 리퍼리움, 배틀그라운드(PUBG)와 파트너쉽 발표",2019.07.24,KRW,1.82,1.81,2.29,-4.17%,25.82%
533,STPT," STP네트워크, FBG Capital로 부터 추가 투자 유치 공시",2019.07.23,조회 불가,조회 불가,조회 불가,조회 불가,-0.0202944688,조회 불가
534,KMD," 코모도, 플랫폼 리브랜딩 및 주요제품 공개 (Antara, AtomicDEX) 공시",2019.07.19,KRW,1465.0,1380.0,1615.0,8.68%,10.24%
535,EMC2," 아인스타이늄, 13.6 네트워크 업데이트 공시",2019.07.18,KRW,65.6,61.0,68.0,1.88%,3.66%
536,TTC," 티티씨, 7월 16일 공시 3건",2019.07.16,조회 불가,조회 불가,조회 불가,조회 불가,0.059637827,조회 불가
537,CRE," 캐리프로토콜, 캐리 토큰(CRE) 언락 물량 조정 공시",2019.07.12,KRW,23.5,19.0,23.5,-5.65%,0.0%
538,COSM," 코스모체인, 투자유치 및 바이백 진행 관련 공시",2019.07.12,조회 불가,조회 불가,조회 불가,조회 불가,-0.0565262076,조회 불가
539,IGNIS," 이그니스, GPS 토큰 에어드랍을 위한 스냅샷 블록 높이 및 Coal 토큰 에어드랍 관련 공시",2019.07.10,KRW,84.9,79.1,86.5,2.54%,1.88%
540,SOLVE," 솔브케어, 우버 헬스와 파트너쉽 체결",2019.07.10,KRW,379.0,368.0,421.0,2.54%,11.08%
541,MOC," 모스랜드, 삼성 블록체인 월렛 공식 지원",2019.07.09,KRW,67.0,64.5,76.8,6.72%,14.63%
542,CRE," 캐리프로토콜, 캐리 토큰(CRE) ‘바이백(buy-back)’ 진행",2019.07.08,KRW,27.8,27.4,28.9,0.33%,3.96%
543,COSM," 코스모체인, 2019년 7월 주요 공시",2019.07.08,조회 불가,조회 불가,조회 불가,조회 불가,0.0033071213,조회 불가
544,TT," 썬더코어, 팀 토큰 락업과 토큰 분배 일정의 변경 공시",2019.07.02,KRW,19.1,18.8,20.6,-4.21%,7.85%
545,STPT," STP네트워크, MTO모델공개 및 무비블록 MTO 공시",2019.07.02,조회 불가,조회 불가,조회 불가,조회 불가,-0.0421354511,조회 불가
546,QKC," 쿼크체인, 메인넷 트랜잭션 기능 공식 오픈 (6/30)",2019.07.01,KRW,21.5,21.4,27.3,-6.71%,26.98%
547,QKC," 쿼크체인, 쿼크체인의 ERC20토큰 40%(40억개) 소멸 안내 (7/1)",2019.07.01,KRW,21.5,21.4,27.3,-6.71%,26.98%
548,POWR," 파워렛저, 미국에서 REC(신재생에너지공인인증서) 거래 플랫폼을 선보인다.",2019.07.01,KRW,132.0,125.0,133.0,-6.71%,0.76%
549,QKC," 쿼크체인, 락업 QKC 토큰 중 2019년 분량 토큰 전량 일시 배포",2019.07.01,KRW,21.5,21.4,27.3,-6.71%,26.98%
550,QKC," 쿼크체인, 메인넷 v1.0 ""Singularity"" 출시 완료 (4/30 UTC +0800)",2019.07.01,KRW,21.5,21.4,27.3,-6.71%,26.98%
551,STPT," STP네트워크, Block72 참여 PoB 스테이킹 모델 발표 및 바이백 공시",2019.06.28,조회 불가,조회 불가,조회 불가,조회 불가,-0.1151759808,조회 불가
552,ORBS," 오브스, GLF의 공식 블록체인 인프라 파트너 선정",2019.06.25,조회 불가,조회 불가,조회 불가,조회 불가,0.0165602082,조회 불가
553,COSM," 코스모체인, 2019년 6월 주요 공시",2019.06.24,조회 불가,조회 불가,조회 불가,조회 불가,0.0228262623,조회 불가
554,CRE," 캐리프로토콜, '뱅크샐러드'와 ECA 파트너쉽 체결",2019.06.21,KRW,47.5,44.0,50.6,2.59%,6.53%
555,POWR," 파워렛저, 오스트리아에서 P2P 에너지 거래 관련 파트너쉽 체결",2019.06.19,KRW,142.0,137.0,150.0,-1.38%,5.63%
556,MEDX," 메디블록, 세브란스병원과 블록체인 기반 플랫폼 구축",2019.06.18,조회 불가,조회 불가,조회 불가,조회 불가,0.0322128852,조회 불가
557,CRE," 캐리프로토콜, 파트너쉽 체결 관련 공시",2019.06.17,KRW,52.0,46.2,54.6,1.73%,5.0%
558,META," 메타디움, 업무제휴 관련 공시 2건",2019.06.17,조회 불가,조회 불가,조회 불가,조회 불가,0.017287234,조회 불가
559,SOLVE," 솔브케어, 베링거인겔하임과 파트너쉽 체결",2019.06.07,KRW,622.0,540.0,649.0,-0.92%,4.34%
560,IGNIS," 이그니스, Triffic 앱 GPS 토큰 에어드랍 예정",2019.06.07,KRW,33.2,31.4,33.2,-0.92%,0.0%
561,MEDX," 메디블록, 에어드랍 미수령 수량 전량 소각 완료",2019.06.04,조회 불가,조회 불가,조회 불가,조회 불가,-0.0481675393,조회 불가
562,MEDX," 메디블록, 에어드랍 미수령 수량 전량 소각 예정",2019.06.04,조회 불가,조회 불가,조회 불가,조회 불가,-0.0481675393,조회 불가
563,UPP," 센티넬프로토콜, 제휴관련 공시 2건",2019.05.31,KRW,20.6,18.7,21.1,-1.99%,2.43%
564,ARDR," 아더 플랫폼, ""젤루리다코리아컨설팅 주식회사"" 설립",2019.05.27,KRW,97.3,93.8,111.0,7.35%,14.08%
565,IOST," 아이오에스티, 파트너쉽 체결 관련 공시",2019.05.21,KRW,14.8,14.1,15.1,-1.35%,2.03%
566,IOST," 아이오에스티, 메인넷 토큰스왑 안내",2019.05.21,KRW,14.8,14.1,15.1,-1.35%,2.03%
567,COSM," 코스모체인, 토큰 매도 공시",2019.05.21,조회 불가,조회 불가,조회 불가,조회 불가,-0.0134884679,조회 불가
568,COSM," 코스모체인, 투자 유치 공시",2019.05.21,조회 불가,조회 불가,조회 불가,조회 불가,-0.0134884679,조회 불가
569,MEDX," 메디블록, 의료 마이데이터 지원사업자로 최종 선정",2019.05.16,조회 불가,조회 불가,조회 불가,조회 불가,0.0112643436,조회 불가
570,UPP," 센티넬프로토콜, 출시관련 공시 3건",2019.05.16,KRW,17.1,16.5,18.2,1.13%,6.43%
571,UPP," 센티넬프로토콜, 제휴관련 공시 3건",2019.05.16,KRW,17.1,16.5,18.2,1.13%,6.43%
572,CPT," 콘텐츠프로토콜, CPT의 실사용처, ""CPT 스토어"" 런칭",2019.05.16,조회 불가,조회 불가,조회 불가,조회 불가,0.0112643436,조회 불가
573,MOC," 모스랜드, 주요 마일스톤 달성을 위한 더 헌터스 출시",2019.05.16,KRW,61.7,59.8,65.4,1.13%,6.0%
574,MOC," 모스랜드, 토큰 배분 종료",2019.05.16,KRW,61.7,59.8,65.4,1.13%,6.0%
575,MOC," 모스랜드, 총괄 아트 디렉터 공식 임명",2019.05.16,KRW,61.7,59.8,65.4,1.13%,6.0%
576,MOC," 모스랜드, 구글 파트너쉽 체결",2019.05.15,KRW,55.9,55.4,61.7,2.91%,10.38%
