,코인 명,공시 명,날짜,마켓,전일 종가,최저가,최고가,BTC 상승률,상승률,전일 종가1,최저가1,최고가1,전일 종가2,최저가2,최고가2,BTC 상승률1,BTC 상승률2
0,THETA," 쎄타랩스, 분산형 비디오 및 데이터 전송을 지원하기 위한 초고 트랜잭션 처리량 소액 결제에 대한 두번째 미국특허취득",2021.03.16,KRW,7810.0,7360.0,11800.0,2.38%,51.09%,8560.0,7440.0,8800.0,7890.0,7580.0,9135.0,-5.98%,-2.87%
1,PXL," 픽션 네트워크, 신임 대표이사 선출",2021.03.15,KRW,176.0,160.0,222.0,-5.98%,26.14%,171.0,151.0,198.0,129.0,129.0,249.0,-2.87%,6.02%
2,RINGX," RINGX 재단, OK캐쉬백((주)위페이)과 ‘마이비(Mivy)’ 플랫폼 전환 협업 진행",2021.03.15,BTC,1.08e-06,1.01e-06,5e-06,-5.98%,362.96%,1.11e-06,1.04e-06,1.13e-06,1.23e-06,1.09e-06,1.27e-06,-2.87%,6.02%
3,TON, 토카막 다오 베타 출시,2021.03.15,KRW,8635.0,8440.0,11460.0,-5.98%,32.72%,8395.0,7935.0,9145.0,8145.0,7680.0,8995.0,-2.87%,6.02%
4,BFC, [기공개] Bifrost - BFC 소각 공시,2021.03.15,BTC,1.1e-06,1.09e-06,1.6e-06,-5.98%,45.45%,1.06e-06,1.03e-06,1.12e-06,1.11e-06,1.06e-06,1.15e-06,-2.87%,6.02%
5,SOLVE, [기공개] APAC 시장 입지 강화를 위한 솔브케어 한국오피스 개소,2021.03.11,KRW,241.0,225.0,284.0,2.89%,17.84%,233.0,206.0,255.0,208.0,200.0,235.0,2.23%,5.23%
6,UPP," [기공개] 웁살라시큐리티, 코인데스크코리아와 ‘암호화폐 범죄 신고센터’ 서비스 런칭 계약 체결",2021.03.11,KRW,118.0,110.0,129.0,2.89%,9.32%,115.0,103.0,125.0,108.0,105.0,147.0,2.23%,5.23%
7,STPT," STP, 15억 원 상당 장내 매수 공시",2021.03.11,KRW,70.5,67.3,93.9,2.89%,33.19%,75.0,64.6,75.2,62.3,62.3,99.0,2.23%,5.23%
8,IOST," [기공개] 아이오에스티(IOST), 글로벌 NFT 콘텐츠 유통 플랫폼 ‘팔레트 컨소시엄' 합류",2021.03.11,KRW,52.1,50.9,68.5,2.89%,31.48%,53.5,51.0,56.0,51.0,50.3,53.7,2.23%,5.23%
9,FCT2," 피르마체인, 블루힐릭스 코리아와 파트너십 체결",2021.03.11,KRW,134.0,130.0,193.0,2.89%,44.03%,143.0,121.0,154.0,118.0,113.0,150.0,2.23%,5.23%
10,PICA," [일부 기공개] 피카프로젝트, 국내 최초 유명 아티스트 작품 NFT ERC-721 배포 및 판매 론칭",2021.03.10,BTC,9.8e-07,8.7e-07,1.19e-06,2.23%,21.43%,1.02e-06,9.2e-07,1.05e-06,1.07e-06,9.7e-07,1.11e-06,5.23%,2.86%
11,MBL," 무비블록, Origine Films와 협약 체결",2021.03.10,KRW,4.68,4.62,7.91,2.23%,69.02%,4.26,4.14,4.8,4.24,4.04,4.35,5.23%,2.86%
12,MARO, 2021년 상반기 로드맵 업데이트 및 자율주행데이터 사업 진출 공시,2021.03.10,KRW,80.2,68.0,130.0,2.23%,62.09%,72.4,72.1,89.4,63.4,62.6,80.0,5.23%,2.86%
13,ORBS," [기공개] 오브스(Orbs), 온체인데이터 커뮤니티 콘솔 출시",2021.03.10,KRW,45.7,40.0,68.3,2.23%,49.45%,39.5,39.4,46.8,39.4,37.4,39.6,5.23%,2.86%
14,PCI," 페이코인, SSG Money 전환 서비스 재개 안내",2021.03.09,KRW,1640.0,1600.0,1975.0,5.23%,20.43%,1655.0,1575.0,1710.0,1540.0,1525.0,1735.0,2.86%,3.43%
15,OBSR, 옵저버 토큰 (OBSR) 재락업 설정 공지,2021.03.09,KRW,9.13,8.89,13.0,5.23%,42.39%,8.95,8.5,9.23,9.02,8.61,9.23,2.86%,3.43%
16,ICX," 아이콘(ICON), 스테이블스왑 Defi 프로젝트 ‘Equality’ 출시 계획 발표",2021.03.09,KRW,2165.0,2100.0,2810.0,5.23%,29.79%,2235.0,2045.0,2270.0,2125.0,2120.0,2250.0,2.86%,3.43%
17,AHT, [기공개] 아하토큰 유통량 하향 조정 공지,2021.03.08,KRW,8.79,8.43,12.9,2.86%,46.76%,8.91,8.4,9.03,8.61,8.16,9.7,3.43%,-0.76%
18,PXL," 픽션네트워크, 약 56 억 규모 ‘픽션 네트워크 NFT 그랜트’ 출범",2021.03.08,KRW,41.7,40.2,95.1,2.86%,128.06%,38.6,37.3,41.9,38.2,34.1,40.1,3.43%,-0.76%
19,AERGO, AERGO 2021 로드맵 업데이트,2021.03.05,KRW,200.0,181.0,264.0,0.4%,32.0%,177.0,177.0,320.0,135.0,132.0,230.0,-2.6%,3.45%
20,HBAR, [일부 기공개] 헤데라 거버닝 카운슬 업데이트 - 새로운 멤버 합류,2021.03.04,KRW,148.0,146.0,260.0,-2.6%,75.68%,143.0,139.0,149.0,142.0,136.0,145.0,3.45%,-0.75%
21,ICX," [기공개] 아이콘(ICON) 재단, ICX 홀더 대상 Balanced 토큰 Airdrip(연속적 에어드롭) 진행",2021.03.04,KRW,2055.0,1950.0,3020.0,-2.6%,46.96%,1925.0,1900.0,2075.0,1900.0,1825.0,2040.0,3.45%,-0.75%
22,TON, TON 소각 공시,2021.03.04,KRW,6830.0,6235.0,12000.0,-2.6%,75.7%,6380.0,6230.0,6855.0,6080.0,5815.0,6630.0,3.45%,-0.75%
23,ENJ," ENJIN (엔진코인), NFT 지원 및 가스 비용 없는 (스케일링) 솔루션 공개",2021.03.04,KRW,1350.0,1235.0,1770.0,-2.6%,31.11%,911.0,892.0,2305.0,793.0,739.0,1015.0,3.45%,-0.75%
24,POWR, [기공개] 파워렛저가 인도 델리에서 최초의 P2P 에너지 거래를 선보이다,2021.03.03,KRW,266.0,262.0,680.0,3.45%,155.64%,272.0,255.0,278.0,259.0,246.0,273.0,-0.75%,8.93%
25,BFC, BiFi UI 및 이자율 알고리즘 개선,2021.03.03,BTC,1.28e-06,1.17e-06,1.6e-06,3.45%,25.0%,9.6e-07,9.4e-07,1.37e-06,9.6e-07,8.8e-07,1.06e-06,-0.75%,8.93%
26,META," 메타디움, 탈중앙화 거래소(DEX) 기반 비트코인(BTC)/이더리움(ETH) 결제 플랫폼 출시 계획 발표",2021.03.03,KRW,25.9,25.8,52.8,3.45%,103.86%,22.4,21.1,26.8,20.3,19.7,23.4,-0.75%,8.93%
27,DKA," 디카르고, 이지고와 '카카오페이 배송' 서비스 관련 물류 데이터 협업 게시",2021.03.03,KRW,59.9,58.2,279.0,3.45%,365.78%,59.4,54.8,62.4,53.9,51.2,60.3,-0.75%,8.93%
28,TSHP, 12Ships 재단은 TSHP 토큰의 바이백 및 소각을 완료했습니다,2021.03.03,KRW,10.0,9.94,13.0,3.45%,30.0%,10.4,9.61,10.4,10.0,9.52,10.5,-0.75%,8.93%
29,CRO," 크립토닷컴, 애스턴 마틴 포뮬러 원 팀과 파트너쉽 체결",2021.03.02,KRW,169.0,163.0,185.0,-0.75%,9.47%,154.0,152.0,170.0,174.0,145.0,177.0,8.93%,-3.17%
30,MOC," 모스랜드, 마케팅 활용 목적으로 모스코인 바이백 진행",2021.03.02,KRW,61.5,57.7,100.0,-0.75%,62.6%,57.0,54.2,63.6,66.0,52.8,66.1,8.93%,-3.17%
31,MVL," 캄보디아 정부, MVL에 투자 승인 발표",2021.02.18,KRW,4.48,4.43,10.9,0.64%,143.3%,3.91,3.87,4.68,3.77,3.68,3.96,4.97%,4.24%
32,BORA," BORA(보라) 운영사 ‘웨이투빗’, ‘카카오게임즈’ 계열사 편입 안내",2021.02.18,KRW,52.7,49.0,572.0,0.64%,985.39%,41.4,40.7,64.5,40.9,39.5,42.0,4.97%,4.24%
33,SSX," 썸씽(SSX), 장내 매수 진행 공시",2021.02.17,KRW,30.4,29.7,41.6,4.97%,36.84%,29.1,28.3,30.8,31.1,25.3,31.3,4.24%,-0.33%
34,IOST, 아이오에스티(IOST) 홀더에게 도니 파이낸스팀의 돈(DON) 토큰 에어드랍 진행,2021.02.17,KRW,34.4,32.3,50.9,4.97%,47.97%,33.5,32.2,35.5,33.8,28.3,35.8,4.24%,-0.33%
35,TON," 토카막 네트워크, 소바와 업무협력 파트너십 체결 공시",2021.02.17,KRW,3825.0,3720.0,4955.0,4.97%,29.54%,3705.0,3555.0,3885.0,3915.0,3275.0,4040.0,4.24%,-0.33%
36,PXL," 픽션네트워크, NFT 플랫폼 프리뷰 공개",2021.02.17,KRW,21.9,20.8,27.0,4.97%,23.29%,19.4,19.4,24.7,20.4,17.1,20.5,4.24%,-0.33%
37,PLA, 플레이댑 ‘크립토도저 for LINE Blockchain’ 17일일본 구글플레이스토어에 정식 출시,2021.02.17,KRW,186.0,182.0,1100.0,4.97%,491.4%,178.0,171.0,189.0,193.0,153.0,193.0,4.24%,-0.33%
38,TON," 토카막 네트워크, 톡큰 스테이킹 오퍼레이터 참여 공시",2021.02.17,KRW,3825.0,3720.0,4955.0,4.97%,29.54%,3705.0,3555.0,3885.0,3915.0,3275.0,4040.0,4.24%,-0.33%
39,QTCON, 퀴즈톡 정보보호 관리체계(ISMS) 인증 획득,2021.02.17,KRW,22.0,21.2,74.2,4.97%,237.27%,20.0,19.7,22.9,21.4,17.9,22.4,4.24%,-0.33%
40,PCI," 다날핀테크, 페이코인 앱에서 비트코인(BTC) 결제 지원",2021.02.17,KRW,198.0,195.0,5310.0,4.97%,2581.82%,194.0,188.0,204.0,209.0,176.0,209.0,4.24%,-0.33%
41,IGNIS," Jelurida, 업비트에 Ignis 셔플링 사용 계정 전체를 식별하는 솔루션 제공",2021.02.16,KRW,65.5,61.2,70.7,4.24%,7.94%,60.1,52.1,71.5,63.2,56.4,69.3,-0.33%,4.08%
42,ONIT, 온버프와 체인링크 파트너십 체결,2021.02.16,BTC,9.6e-07,9.2e-07,1.56e-06,4.24%,62.5%,9.6e-07,8.3e-07,1.03e-06,8.9e-07,8.6e-07,1.03e-06,-0.33%,4.08%
43,ITAM, 아이텀 NFT 중앙화 거래 플랫폼 NFT FARM 거버넌스 기능 추가,2021.02.15,BTC,2.9e-07,2.7e-07,3.8e-07,-0.33%,31.03%,3e-07,2.8e-07,3.1e-07,2.9e-07,2.7e-07,3.1e-07,4.08%,-0.41%
44,BFC, BiFi USDC 지원 및 추가 언어 지원,2021.02.15,BTC,9.6e-07,8.6e-07,1.03e-06,-0.33%,7.29%,9.5e-07,9.1e-07,1.17e-06,8.8e-07,8.6e-07,9.6e-07,4.08%,-0.41%
45,ENJ," 마이크로소프트, 엔진: 세계 여성 과학자의 날을 기념하여 마인크래프트 호환 가능 NFT 출시",2021.02.11,KRW,462.0,452.0,746.0,5.81%,61.47%,440.0,419.0,479.0,421.0,412.0,459.0,-0.47%,-0.59%
46,OGN, 오리진프로토콜 OUSD 수익률로 OGN바이백(Buyback) 프로그램 발표,2021.02.10,BTC,9.2e-06,7.97e-06,1.274e-05,-0.47%,38.48%,6.7e-06,6.04e-06,1.132e-05,5.61e-06,4.82e-06,1.2e-05,-0.59%,17.05%
47,PICA," 피카프로젝트, '앙드레 사라이바' 내한 전시 단독진행 및 작품 NFT 화 추진",2021.02.10,BTC,1e-06,9.1e-07,1.03e-06,-0.47%,3.0%,1e-06,9e-07,1.1e-06,1.14e-06,9.7e-07,1.35e-06,-0.59%,17.05%
48,TSHP, 12Ships 는 파일코인 채굴기 출시를 발표,2021.02.10,KRW,5.43,5.05,6.45,-0.47%,18.78%,5.04,4.85,5.48,4.78,4.67,5.15,-0.59%,17.05%
49,PXL," 픽션네트워크, 엑시 인피니티와 파트너십 체결",2021.02.10,KRW,18.1,17.0,19.1,-0.47%,5.52%,16.9,16.4,18.3,16.5,16.2,17.0,-0.59%,17.05%
50,HBAR," 헤데라해시그래프, 스마트 컨트랙트 없이 토큰 발급 및 배포 가능한 HTS 서비스 출시",2021.02.10,KRW,111.0,107.0,124.0,-0.47%,11.71%,106.0,104.0,120.0,104.0,101.0,109.0,-0.59%,17.05%
51,ITAM, 아이텀 세일 물량 배분 완료,2021.02.10,BTC,3.1e-07,2.8e-07,3.7e-07,-0.47%,19.35%,2.8e-07,2.8e-07,3.6e-07,3.3e-07,2.6e-07,3.6e-07,-0.59%,17.05%
52,HUM," 휴먼스케이프, ‘대웅제약’과 희귀질환자 데이터 기반 신약 연구 협약",2021.02.09,KRW,23.1,21.9,30.0,-0.59%,29.87%,22.9,22.1,23.8,24.9,21.9,24.9,17.05%,0.47%
53,MARO," Maro, 바이트브릿지 글로벌 확장을 위한 에코시스템펀드 출자",2021.02.09,KRW,26.6,25.8,29.5,-0.59%,10.9%,25.8,25.1,27.1,25.7,24.6,26.1,17.05%,0.47%
54,TON," 토카막 네트워크, KDAC과 파트너십 체결",2021.02.08,KRW,3340.0,3220.0,3495.0,17.05%,4.64%,3415.0,3165.0,3530.0,3730.0,3210.0,3730.0,0.47%,3.22%
55,ITAM, 아이텀 NFT 중앙화 거래 플랫폼 NFT FARM 개발자 API V1.0 출시,2021.02.08,BTC,3.3e-07,2.6e-07,3.6e-07,17.05%,9.09%,3.2e-07,3.1e-07,3.4e-07,3.5e-07,3.1e-07,3.6e-07,0.47%,3.22%
56,PICA, PICA 토큰 유통량 외에 락업,2021.02.08,BTC,1.14e-06,9.7e-07,1.35e-06,17.05%,18.42%,1.07e-06,1.05e-06,1.15e-06,1.15e-06,1.01e-06,1.16e-06,0.47%,3.22%
57,AERGO, AERGO HUB 베타 버전 출시 – 주요 마일스톤 달성,2021.02.05,KRW,65.1,64.2,73.0,1.54%,12.14%,61.8,55.5,67.0,58.4,56.9,74.7,1.15%,3.82%
58,CBK," 코박, 라이파이낸스, STP 네트워크와 함께 한국 폴카닷 얼라이언스 (KPA) 출범",2021.02.05,KRW,2635.0,2595.0,2995.0,1.54%,13.66%,2645.0,2505.0,2695.0,2540.0,2515.0,2685.0,1.15%,3.82%
59,STPT," STP, 라이 파이낸스 코박과 함께 한국 폴카닷 얼라이언스 출범",2021.02.05,KRW,28.2,27.6,30.1,1.54%,6.74%,25.6,24.6,31.5,23.4,22.7,40.7,1.15%,3.82%
60,STPT," STP 2.0, 커뮤니티 거버넌스 기능 출시",2021.02.04,KRW,25.6,24.6,31.5,1.15%,23.05%,23.4,22.7,40.7,22.6,21.7,23.7,3.82%,3.53%
61,PLA," 플레이댑(PLA), 게임 ‘리그 오브 킹덤즈’ NFT 아이템 거래 지원 시작",2021.02.04,KRW,148.0,141.0,159.0,1.15%,7.43%,141.0,140.0,149.0,140.0,136.0,142.0,3.82%,3.53%
62,HBAR," 공급망 서비스 플랫폼인 SUKU, 이더리움에서 헤데라로 플랫폼 이전",2021.02.04,KRW,100.0,87.9,104.0,1.15%,4.0%,99.7,96.2,103.0,96.0,91.9,107.0,3.82%,3.53%
63,CTSI, 카르테시 신규 로드맵,2021.02.03,BTC,1.93e-06,1.8e-06,2.26e-06,3.82%,17.1%,2.04e-06,1.79e-06,2.06e-06,2.14e-06,1.81e-06,2.14e-06,3.53%,0.58%
64,HUM, HUM 토큰 유통량 변화 안내,2021.02.03,KRW,19.6,19.1,20.5,3.82%,4.59%,19.5,18.4,20.3,22.3,18.3,22.4,3.53%,0.58%
65,PICA, 피카(PICA) 토큰 소각완료 (2 차),2021.02.03,BTC,1.39e-06,1.22e-06,1.44e-06,3.82%,3.6%,1.46e-06,1.35e-06,1.5e-06,1.52e-06,1.37e-06,1.61e-06,3.53%,0.58%
66,WAXP," 왁스 토큰 에포크 3 ( 4,330,000 WAXP) 소각 안내",2021.02.03,KRW,45.7,45.1,50.8,3.82%,11.16%,43.8,43.0,45.9,44.3,41.8,44.7,3.53%,0.58%
67,ELF, 주요마일스톤 달성 공시- 엘프메인넷기능 평가판,2021.02.03,KRW,161.0,156.0,176.0,3.82%,9.32%,158.0,152.0,163.0,149.0,141.0,163.0,3.53%,0.58%
68,TON," 토카막 네트워크, 바운스 파이낸스와 파트너십 체결 및 에어드랍 이벤트 진행",2021.02.02,KRW,2655.0,2605.0,3140.0,3.53%,18.27%,2670.0,2580.0,2680.0,2700.0,2635.0,2720.0,0.58%,-1.83%
69,PXL," 픽션네트워크, 2021 년 로드맵 업데이트",2021.02.02,KRW,14.7,14.4,15.4,3.53%,4.76%,14.5,14.2,14.7,15.0,14.3,15.0,0.58%,-1.83%
70,ENJ," 엔진코인, 부동산 크라우드펀딩 서비스 LABS와 함께 부동산 투자 접근성 향상",2021.02.02,KRW,373.0,364.0,449.0,3.53%,20.38%,376.0,341.0,382.0,363.0,358.0,404.0,0.58%,-1.83%
71,BFC, Bifrost와 BiFi Chainlink와 파트너쉽 체결,2021.02.02,BTC,1.15e-06,1.03e-06,1.33e-06,3.53%,15.65%,1.19e-06,9.8e-07,1.2e-06,1.18e-06,1e-06,1.3e-06,0.58%,-1.83%
72,AHT, 어뷰징 물량 소각 안내,2021.02.02,KRW,4.02,3.97,4.67,3.53%,16.17%,4.06,3.9,4.07,4.14,4.0,4.15,0.58%,-1.83%
73,AERGO," AERGO, 탈중앙화 분산신원 검증 플랫폼 CCCV.to에 DApp 인큐베이션 펀드 지원",2021.02.02,KRW,55.1,53.2,59.5,3.53%,7.99%,57.2,52.6,58.0,60.9,55.9,61.3,0.58%,-1.83%
74,SSX, 썸씽 팀원&어드바이저 락업일정 변경 공시,2021.02.02,KRW,23.3,23.1,25.0,3.53%,7.3%,24.0,22.7,24.4,24.2,23.5,24.2,0.58%,-1.83%
75,CBK, 코박 전문가칼럼 서비스를 출시,2021.02.01,KRW,2570.0,2395.0,2625.0,0.58%,2.14%,2600.0,2520.0,2645.0,2615.0,2560.0,2665.0,-1.83%,-1.16%
76,AQT, Alpha Quark Limited(알파쿼크리미티드)에서 AQT의 유통량 공시,2021.02.01,KRW,1995.0,1875.0,2085.0,0.58%,4.51%,2025.0,1955.0,2035.0,2065.0,1985.0,2080.0,-1.83%,-1.16%
77,PXL," 픽션네트워크, 갤러리 파이낸스 인수로 NFT 사업 가속화",2021.01.29,KRW,14.9,14.6,16.3,2.45%,9.4%,14.2,13.8,15.1,14.8,13.8,14.8,6.78%,-4.52%
78,FCT2, 피르마체인 2021년 로드맵 업데이트,2021.01.29,KRW,53.2,51.8,54.8,2.45%,3.01%,51.2,50.2,53.9,53.8,49.2,55.0,6.78%,-4.52%
79,MED," 메디블록, KT-빌게이츠 재단과 ‘SHINE’ 앱 출시",2021.01.29,KRW,5.18,5.12,6.4,2.45%,23.55%,5.0,4.95,5.29,5.18,4.93,5.18,6.78%,-4.52%
80,HUM," 휴먼스케이프, 서울시 R&D지원사업 ‘서울혁신챌린지’ 우수과제 선정",2021.01.29,KRW,29.4,25.6,30.1,2.45%,2.38%,28.7,24.7,37.0,59.2,27.3,73.9,6.78%,-4.52%
81,PICA, 피카 토큰으로 예술 작품판매 대금에 대한 일부 소각공시,2021.01.28,BTC,1.35e-06,1.23e-06,1.47e-06,6.78%,8.89%,1.28e-06,1.22e-06,1.45e-06,1.25e-06,1.21e-06,1.28e-06,-4.52%,-0.36%
82,ITAM, 아이텀 NFT 기반 카드수집 서비스 덕북 출시,2021.01.28,BTC,5.9e-07,4.2e-07,5.9e-07,6.78%,0.0%,5.3e-07,4.8e-07,6.3e-07,4.1e-07,4.1e-07,5.3e-07,-4.52%,-0.36%
83,STPT," STP 네트워크, 폴카닷 기반 STP 2.0 출시",2021.01.28,KRW,23.7,23.6,29.9,6.78%,26.16%,25.9,22.3,26.5,24.8,24.2,28.5,-4.52%,-0.36%
84,HBAR, 호주 직불 사업자 eftpos 헤데라 거버닝 카운슬 합류,2021.01.28,KRW,90.0,86.5,106.0,6.78%,17.78%,99.8,86.5,99.7,102.0,93.2,107.0,-4.52%,-0.36%
85,DKA," 디카르고, 디스캐너(dScanner) 출시",2021.01.27,KRW,24.9,23.2,26.3,-4.52%,5.62%,25.4,24.4,25.5,25.8,25.2,25.8,-0.36%,1.45%
86,SAND, 더 샌드박스 1차 퍼블릭 LAND 세일 론칭 예정 (feat. CoinMarketCap 파트너십),2021.01.26,KRW,105.0,99.1,107.0,-0.36%,1.9%,105.0,102.0,111.0,112.0,102.0,115.0,1.45%,0.13%
87,BFC, BiFi - 코드 공개,2021.01.26,BTC,7.3e-07,7.1e-07,1.19e-06,-0.36%,63.01%,7.3e-07,6.3e-07,7.7e-07,6.9e-07,6.9e-07,7.3e-07,1.45%,0.13%
88,SSX," 썸씽(SSX), 일반인 OST 음원발매를 위해 ‘다산북스’ 등과 공동 업무협약 체결",2021.01.26,KRW,24.6,23.9,26.0,-0.36%,5.69%,24.7,23.9,25.2,24.4,24.0,25.0,1.45%,0.13%
89,PICA," 피카프로젝트, 세계적인 아티스트 존 버거맨과 손잡고 아트프로젝트 진행",2021.01.25,BTC,1.3e-06,1.14e-06,1.35e-06,1.45%,3.85%,1.22e-06,1.19e-06,1.36e-06,1.23e-06,1.09e-06,1.27e-06,0.13%,-2.34%
90,BFC, BiFi 가스비 최적화 업데이트 및 UI 업데이트,2021.01.22,BTC,6.6e-07,6.5e-07,7.1e-07,5.29%,7.58%,6.5e-07,6.5e-07,7.1e-07,7.1e-07,6.2e-07,7.1e-07,-12.06%,-0.85%
91,WAXP," 왁스 토큰 21,230,000개 소각 안내",2021.01.22,KRW,44.8,39.5,52.6,5.29%,17.41%,48.7,44.8,51.0,47.8,44.4,49.1,-12.06%,-0.85%
92,OBSR," 옵저버, 아이오타(IOTA)와 해외시장 진출 업무협약 체결",2021.01.22,KRW,4.0,3.5,5.17,5.29%,29.25%,4.35,3.91,4.63,4.47,4.11,4.48,-12.06%,-0.85%
93,MLK," 밀크, 블록체인 기반 노래방앱 “썸씽(SOMESING)”과 업무협약 체결",2021.01.22,KRW,161.0,152.0,170.0,5.29%,5.59%,173.0,160.0,177.0,175.0,167.0,175.0,-12.06%,-0.85%
94,SSX," 썸씽(SSX), 블록체인 기반 포인트 통합 플랫폼 “밀크(MiL.k)”와 업무협약 체결",2021.01.22,KRW,24.6,21.7,25.5,5.29%,3.66%,27.5,24.3,27.5,27.8,25.9,27.9,-12.06%,-0.85%
95,QKC, 하드웨어 지갑 CoolWallet S 쿼크체인 메인넷 토큰 공식 지원 (1/22),2021.01.22,KRW,6.29,5.74,6.95,5.29%,10.49%,7.15,6.25,7.15,7.12,6.62,7.9,-12.06%,-0.85%
96,FCT2," 피르마체인, 중국 “무애커뮤니티”와 파트너십 체결",2021.01.22,KRW,57.1,49.7,62.0,5.29%,8.58%,57.7,53.1,62.0,57.9,54.8,64.2,-12.06%,-0.85%
97,PICA," 피카프로젝트, 픽셀네트워크와 손잡고 미술작품 NFT 화 진행",2021.01.21,BTC,1.12e-06,1.12e-06,1.3e-06,-12.06%,16.07%,1.14e-06,1.08e-06,1.26e-06,1.19e-06,1.06e-06,1.21e-06,-0.85%,-1.05%
98,PXL," 픽션네트워크, 피카와 미술품 NFT 화를 위한 MOU 체결",2021.01.21,KRW,16.8,14.7,21.7,-12.06%,29.17%,16.2,15.2,17.5,16.7,15.9,16.7,-0.85%,-1.05%
99,HBAR," 에브리웨어와 헤데라 해시그래프, NHS 시설을 위한 코로나 바이러스 백신 콜드체인 모니터링 제공",2021.01.20,KRW,79.3,73.4,129.0,-0.85%,62.67%,70.7,67.1,79.7,67.4,63.9,71.5,-1.05%,1.19%
100,CBK," CBK, 스테이블 코인 KFD (KFC Dollar) 채굴 풀 추가",2021.01.19,KRW,3175.0,3110.0,3460.0,-1.05%,8.98%,3170.0,3075.0,3180.0,3330.0,3065.0,3340.0,1.19%,-1.37%
101,ENJ," 엔진코인, 일본 가상화폐 거래소 협회 (JVCEA) 에서 게임코인으로 최초 승인",2021.01.19,KRW,269.0,258.0,545.0,-1.05%,102.6%,253.0,247.0,335.0,216.0,216.0,445.0,1.19%,-1.37%
102,NPXS, 펀디엑스 토큰 NPXS 토큰 총 2790만개 소각,2021.01.19,KRW,0.42,0.4,0.44,-1.05%,4.76%,0.43,0.4,0.43,0.42,0.41,0.46,1.19%,-1.37%
103,CHZ," 칠리즈, AC 밀란 클럽과 파트너십 발표",2021.01.18,KRW,21.6,21.0,24.8,1.19%,14.81%,22.1,20.6,22.3,21.3,21.3,23.2,-1.37%,-2.11%
104,ENJ," Enjin, Miss Bitcoin과 함께 일본 최초 자선 NFT 프로젝트 시작",2021.01.18,KRW,253.0,247.0,335.0,1.19%,32.41%,216.0,216.0,445.0,211.0,207.0,227.0,-1.37%,-2.11%
105,BFC, BiFi 마일스톤 달성,2021.01.15,BTC,5.5e-07,5.3e-07,6.1e-07,-4.17%,10.91%,5.8e-07,5.3e-07,6e-07,6.1e-07,5.4e-07,6.4e-07,3.26%,7.27%
106,PXL," 픽션네트워크, 사이버베인의 자회사 크로스(Cross)와 한중 NFT 시장 진출 파트너십 체결",2021.01.15,KRW,16.0,14.8,17.8,-4.17%,11.25%,14.7,14.6,17.2,14.3,13.7,14.8,3.26%,7.27%
107,SOLVE," Solve.Care, 블록체인 글로벌 싱크 탱크인 Blockchain Research Institute의 회원이 됨",2021.01.15,KRW,111.0,106.0,132.0,-4.17%,18.92%,109.0,105.0,116.0,105.0,102.0,109.0,3.26%,7.27%
108,HBAR, 헤데라21 해커톤: 2021년 1월 19일부터 자산토큰화 주제의 해커톤 개최,2021.01.15,KRW,62.0,55.0,62.4,-4.17%,0.65%,58.9,55.7,70.4,53.4,50.4,61.5,3.26%,7.27%
109,WAXP," 왁스, 신규 디파이 모델 기반 보상 지급 시작",2021.01.15,KRW,44.6,42.0,52.9,-4.17%,18.61%,44.0,42.6,45.6,43.0,41.5,44.1,3.26%,7.27%
110,SSX, 썸씽(SSX) 크립토 파이낸스 전문기업 “델리오”와 업무협약 체결,2021.01.15,KRW,25.9,24.7,35.7,-4.17%,37.84%,25.1,24.5,26.9,25.0,24.2,25.2,3.26%,7.27%
111,PLA," 플레이댑, ‘아스타(ASTA)’ IP 홀더 수퍼트리와 블록버스터급 아스타 MMORPG 모바일게임 서비스를 위한 계약 체결",2021.01.14,KRW,147.0,145.0,197.0,3.26%,34.01%,144.0,140.0,149.0,144.0,138.0,147.0,7.27%,-3.78%
112,IOST," 아이오에스티(IOST), 자사 블록체인서 스테이블코인 HUSD 지원",2021.01.14,KRW,13.9,13.2,17.1,3.26%,23.02%,11.8,11.0,14.6,12.0,10.7,13.6,7.27%,-3.78%
113,HBAR," 글로벌 공급망 기업 AVC 글로벌, DLT플랫폼으로 헤데라 해시그래프 채택",2021.01.13,KRW,53.4,50.4,61.5,7.27%,15.17%,48.9,46.3,53.8,55.7,42.5,56.0,-3.78%,-7.63%
114,HBAR, 텍사스주 국무 장관에 기록 검증 관련 PoC 제출,2021.01.12,KRW,48.9,46.3,53.8,-3.78%,10.02%,55.7,42.5,56.0,58.0,48.4,61.1,-7.63%,-5.06%
115,HBAR, 마일스톤 달성 - 헤데라의 메인넷은 1.5년 이내 5억건 이상의 트랜잭션 생성,2021.01.12,KRW,48.9,46.3,53.8,-3.78%,10.02%,55.7,42.5,56.0,58.0,48.4,61.1,-7.63%,-5.06%
116,BORA," BORA(보라), 바른손과 ‘블록체인 기반 영화 제작 투자 및 OTT 플랫폼’ 공동사업 MOU 체결",2021.01.12,KRW,32.0,31.5,38.6,-3.78%,20.63%,35.1,30.8,36.5,38.2,33.9,38.1,-7.63%,-5.06%
117,OBSR, 옵저버 개인기상관측기(Personal Weather Station) “W-Station” 2 차 출시 및 관측 보상 공시,2021.01.12,KRW,3.88,3.7,4.28,-3.78%,10.31%,4.26,3.51,4.26,4.72,3.9,4.75,-7.63%,-5.06%
118,BFC," Bifrost의 디파이 서비스 BiFi 출시, 향후 계획, BFC 유통량, 오딧 리포트",2021.01.08,BTC,6.1e-07,5e-07,6.8e-07,5.63%,11.48%,7.4e-07,6e-07,7.4e-07,7.6e-07,6.7e-07,8.2e-07,9.66%,7.01%
119,ONIT, 온버프 토큰(ONIT) 투자자 물량 배분 완료 공시 및 유통량 안내,2021.01.08,BTC,7.1e-07,6.7e-07,8.7e-07,5.63%,22.54%,7.7e-07,7e-07,8.7e-07,8.1e-07,7.5e-07,1.06e-06,9.66%,7.01%
120,FCT2, 피르마체인 언락 토큰 배분 공시,2021.01.07,KRW,60.8,56.4,60.8,9.66%,0.0%,51.8,51.6,78.4,50.0,48.5,54.6,7.01%,4.48%
121,OGN, 오리진 프로토콜 스테이블 코인 OUSD 업그레이드 재 출시,2021.01.06,BTC,3.91e-06,3.89e-06,4.48e-06,7.01%,14.58%,3.86e-06,3.89e-06,4e-06,3.75e-06,3.86e-06,3.95e-06,4.48%,-2.87%
122,CHZ, 칠리즈 코인 소각 안내,2021.01.06,KRW,22.4,22.0,26.8,7.01%,19.64%,21.5,20.9,24.0,22.0,19.4,23.5,4.48%,-2.87%
123,FCT2," 피르마체인, 오라클 솔루션 ‘네스트 프로토콜’과 파트너십 체결",2021.01.06,KRW,51.8,51.6,78.4,7.01%,51.35%,50.0,48.5,54.6,54.0,46.0,58.7,4.48%,-2.87%
124,AQT," 알파쿼크토큰, 유통량 공시",2021.01.04,KRW,2065.0,1880.0,2295.0,-2.87%,11.14%,2125.0,2000.0,2130.0,2125.0,2035.0,2235.0,5.15%,10.54%
125,HUNT," HUNT 프로젝트, 2020년도 4분기 수수료 수입에 관한 헌트 토큰 소각 진행",2021.01.04,KRW,70.7,63.5,76.5,-2.87%,8.2%,73.8,66.4,74.1,80.0,69.5,84.7,5.15%,10.54%
126,ARDR, 주요 마일스톤 달성 - 블록체인 팽창 문제 솔루션인 ‘프루닝’ 기능을 v3.0.0e 통해 공개,2020.12.30,KRW,72.1,71.0,95.0,4.57%,31.76%,75.8,69.8,75.8,74.1,73.6,78.9,0.82%,3.17%
127,IQ," 에브리피디아, 미국 최대 통신사 AP 통신과 파트너십 확장하여 미국 상원 선거 결과를 블록체인에 기록",2020.12.29,KRW,2.94,2.75,3.01,0.82%,2.38%,3.02,2.85,3.03,2.86,2.64,3.15,3.17%,-0.2%
128,PXL," 픽션네트워크, NFT 개발을 위한 KIP-17 표준으로 통합",2020.12.28,KRW,14.6,14.5,16.2,3.17%,10.96%,14.2,14.0,16.6,14.1,13.6,14.7,-0.2%,8.32%
129,CTSI, 카르테시 $CTSI 메인넷 Reserve Mining 출시,2020.12.28,BTC,1.64e-06,1.52e-06,1.87e-06,3.17%,14.02%,1.7e-06,1.38e-06,2.16e-06,1.83e-06,1.55e-06,1.89e-06,-0.2%,8.32%
130,RINGX," RINGX 재단, ‘마이비(Mivy)’ 앱 프리 릴리즈",2020.12.28,BTC,1.43e-06,1.24e-06,1.43e-06,3.17%,0.0%,1.5e-06,1.26e-06,1.5e-06,1.59e-06,1.41e-06,1.63e-06,-0.2%,8.32%
131,SSX," 썸씽(SSX), 인앱구매 매출에 따른 장내 매수 공시",2020.12.28,KRW,26.7,26.3,31.1,3.17%,16.48%,26.4,25.3,28.5,26.6,25.7,27.4,-0.2%,8.32%
132,UPP," 삼성 블록체인 월렛의 웁살라시큐리티 AML 통합 보안 서비스, 전세계 19 개 국가로 확대 지원",2020.12.28,KRW,25.2,23.7,37.8,3.17%,50.0%,24.7,23.2,26.6,22.6,22.3,25.0,-0.2%,8.32%
133,FCT2," 피르마체인(FCT2), 장내 매수 완료 공시",2020.12.24,KRW,44.6,41.3,47.7,0.47%,6.95%,55.8,41.3,57.4,54.3,52.6,59.8,-1.48%,5.47%
134,SOLVE, Solve.Care에서 의사들을 글로벌 원격의료 익스체인지(GTHE)로 맞이한다,2020.12.24,KRW,100.0,97.8,112.0,0.47%,12.0%,112.0,99.3,112.0,108.0,104.0,113.0,-1.48%,5.47%
135,UPP," 웁살라시큐리티, 헥슬란트 ‘옥텟 월렛’서비스에 가상자산 AML 솔루션 통합 계약 체결",2020.12.24,KRW,21.5,20.7,23.4,0.47%,8.84%,25.4,21.0,25.4,24.1,23.6,28.7,-1.48%,5.47%
136,TT," 썬더코어 하드포크, TT 메인넷 Soter 로 업그레이드",2020.12.23,KRW,5.53,4.92,6.4,-1.48%,15.73%,5.53,5.24,5.63,5.75,5.27,5.77,5.47%,-1.9%
137,MLK," 밀크, 도서문화상품권 거래 기능 개발 완료",2020.12.22,KRW,188.0,181.0,198.0,5.47%,5.32%,199.0,180.0,206.0,205.0,195.0,205.0,-1.9%,-1.1%
138,IQ," 사회적 기업 아이부키, 에브리피디아와 커뮤니티 협업 및 토큰 결제 모델 공동 연구",2020.12.21,KRW,3.05,2.72,3.17,-1.9%,3.93%,3.18,2.93,3.2,2.82,2.77,3.19,-1.1%,4.05%
139,MOC," 모스랜드, 2020 4Q 모스코인 바이백 결과 안내",2020.12.21,KRW,23.7,21.4,26.6,-1.9%,12.24%,25.1,23.0,25.6,23.5,23.1,26.9,-1.1%,4.05%
140,PLA, 플레이댑 (PLA) 토큰 발행량 대량 소각 완료 공시,2020.12.18,KRW,196.0,165.0,207.0,1.65%,5.61%,204.0,174.0,239.0,144.0,141.0,298.0,8.1%,8.46%
141,BORA," BORA(보라), 카카오 계열사 ‘카카오게임즈’로부터 콜옵션 행사로 인한 대주주 변경 안내",2020.12.17,KRW,43.1,41.1,74.8,8.1%,73.55%,39.6,39.3,45.8,37.0,36.4,41.8,8.46%,0.78%
142,QKC," 쿼크체인, 메인넷 '빅뱅 (BigBang)' 출시",2020.12.17,KRW,5.87,5.77,7.31,8.1%,24.53%,5.79,5.48,6.06,5.71,5.65,6.0,8.46%,0.78%
143,HUNT, 마일스톤 달성 - 네버루즈머니 출시 및 보안감사 완료,2020.12.16,KRW,60.7,58.1,101.0,8.46%,66.39%,57.2,55.3,65.0,57.2,55.8,57.8,0.78%,0.7%
144,PLA, 플레이댑 (PLA) 토큰 발행량 18 억개(72%) 소각 계획 공시,2020.12.16,KRW,144.0,141.0,298.0,8.46%,106.94%,142.0,139.0,146.0,141.0,139.0,142.0,0.78%,0.7%
145,FCT2," 피르마체인(FCT2), 장내 매수 진행 공시",2020.12.16,KRW,59.8,58.7,70.7,8.46%,18.23%,62.0,58.8,62.1,58.7,57.7,67.1,0.78%,0.7%
146,ENJ," 비디오 게임사 Atari, 엔진과의 협업을 통해 블록체인 게임 본격 진출",2020.12.11,KRW,155.0,148.0,157.0,-1.46%,1.29%,154.0,150.0,158.0,153.0,142.0,155.0,-1.56%,1.28%
147,STMX, StormX 스테이킹 기능 출시,2020.12.11,KRW,2.65,2.43,2.69,-1.46%,1.51%,2.69,2.58,2.76,2.68,2.42,2.81,-1.56%,1.28%
148,HBAR," 덴튼스, 헤데라 거버닝 카운슬 새 멤버로 합류",2020.12.10,KRW,39.9,37.8,40.0,-1.56%,0.25%,39.6,36.4,40.3,43.0,39.3,43.3,1.28%,-3.96%
149,MVL," 엠블 랩스(MVL LABS), 대한민국 4 차 산업혁명 과학정보통신위원회 위원장상 수상",2020.12.10,KRW,3.7,3.3,3.73,-1.56%,0.81%,3.58,2.89,3.9,4.64,3.35,5.0,1.28%,-3.96%
150,MED," 메디블록, 목포한국병원과 실손 보험 간편 청구 서비스 연동 완료",2020.12.09,KRW,5.44,5.16,5.75,1.28%,5.7%,5.77,5.42,6.2,5.63,5.6,5.92,-3.96%,-0.68%
151,OBSR, 옵저버 토큰(OBSR) 재락업 및 발행량과 유통량 공시,2020.12.08,KRW,7.76,5.72,7.79,-3.96%,0.39%,7.29,7.04,9.47,5.95,5.44,8.26,-0.68%,0.94%
152,RINGX," RINGX 재단, 커피에반하다 업무 제휴 협약 체결",2020.12.08,BTC,3.62e-06,2.93e-06,3.79e-06,-3.96%,4.7%,3.4e-06,3.27e-06,6.4e-06,3.06e-06,3.01e-06,3.42e-06,-0.68%,0.94%
153,HBAR, 헤데라토큰 서비스 백서 및 테스트넷 엑세스 런칭,2020.12.08,KRW,43.0,39.3,43.3,-3.96%,0.7%,40.2,39.9,45.3,40.5,39.2,40.5,-0.68%,0.94%
154,MED," 메디블록, 현대해상과 실손 보험 간편 청구 서비스 연동 완료",2020.12.08,KRW,5.77,5.42,6.2,-3.96%,7.45%,5.63,5.6,5.92,5.73,5.49,5.74,-0.68%,0.94%
155,MVL," 엠블 랩스(MVL LABS), 명신 산업과 E-PowerTrain 공동 개발…10,000 대 양산 예정",2020.12.07,KRW,5.5,4.36,5.7,-0.68%,3.64%,4.31,4.22,5.82,2.46,2.35,5.07,0.94%,1.03%
156,AQT, Alpha Quark Limited(알파쿼크리미티드) 페이코인의 운영주체인 다날핀테크(Danal Fintech)와 업무협약 체결,2020.12.04,KRW,3120.0,2650.0,3620.0,-2.88%,16.03%,2535.0,2525.0,4170.0,2245.0,2000.0,4190.0,0.39%,1.1%
157,PCI," 페이코인, 글로벌 페이먼트 플랫폼 '알파쿼크(Alpha Quark)'와 업무협약(MOU) 체결",2020.12.04,KRW,183.0,169.0,186.0,-2.88%,1.64%,184.0,174.0,196.0,170.0,166.0,239.0,0.39%,1.1%
158,CTSI, 카르테시 IR 공시,2020.12.03,BTC,2.37e-06,2.13e-06,2.37e-06,0.39%,0.0%,2.18e-06,2.03e-06,2.4e-06,2.62e-06,1.95e-06,2.3e-06,1.1%,-2.1%
159,FCT2," 피르마체인, ‘DTT 얼라이언스’ 파트너십 합류",2020.12.04,BTC,3.16e-06,2.98e-06,3.53e-06,-2.88%,11.71%,2.9e-06,2.87e-06,3.24e-06,2.73e-06,2.67e-06,3.44e-06,0.39%,1.1%
160,PLA," 플레이댑 ‘크립토도저’ 이모티콘, AI 기반 글로벌 이모티콘 플랫폼 ‘모히톡’ 에 공급",2020.12.02,KRW,180.0,176.0,329.0,1.1%,82.78%,174.0,169.0,204.0,171.0,168.0,182.0,-2.1%,6.62%
161,TSHP, 12Ships 재단은 10 월 TSHP 바이백 및 소각을 완료하였습니다.,2020.12.02,KRW,3.68,3.54,4.24,1.1%,15.22%,3.42,3.4,3.94,3.46,3.34,3.51,-2.1%,6.62%
162,MED," 메디블록, 시리즈 A 라운드 투자 유치 완료",2020.12.02,KRW,6.37,5.71,8.67,1.1%,36.11%,5.75,5.68,7.3,5.58,5.54,6.12,-2.1%,6.62%
163,TON," 토카막 네트워크, DSRV 스테이킹 오퍼레이터 참여 공시",2020.12.01,KRW,2715.0,2675.0,3165.0,-2.1%,16.57%,2700.0,2635.0,2745.0,2705.0,2620.0,2780.0,6.62%,2.6%
164,MED," 메디블록, 2020 보건의료 기술사업화 유공자 포상 수상",2020.12.01,KRW,5.75,5.68,7.3,-2.1%,26.96%,5.58,5.54,6.12,5.56,5.46,5.65,6.62%,2.6%
165,ARDR," Jelurida, 캐쥬얼 게임 사업 진출을 위한 첫번째 프로젝트 Bridge Champ 발표",2020.11.30,KRW,74.6,74.2,94.5,6.62%,26.68%,75.2,71.8,77.6,72.6,71.6,82.9,2.6%,1.86%
166,ARDR, 기업의 퍼블릭 블록체인 활용 사례로 Geoblockchain 유치 관련 공시,2020.11.30,KRW,74.6,74.2,94.5,6.62%,26.68%,75.2,71.8,77.6,72.6,71.6,82.9,2.6%,1.86%
167,STPT," STP 네트워크, 스테이블 코인 USTP 및 STP DAO 출시",2020.11.30,KRW,16.7,16.5,26.6,6.62%,59.28%,16.7,16.3,17.1,16.5,16.0,16.9,2.6%,1.86%
168,ORBS," 오브스(Orbs), POS V2.5 업그레이드 완료 공시",2020.11.30,KRW,14.9,14.8,20.0,6.62%,34.23%,15.2,14.7,15.4,14.7,14.6,15.7,2.6%,1.86%
169,PLA," 플레이댑, 게임 개발사들을 위한 C2C 마켓플레이스 ’스토어프론트’ 베타버전 출시",2020.11.26,KRW,193.0,146.0,207.0,-7.75%,7.25%,187.0,183.0,203.0,178.0,175.0,229.0,-0.56%,4.26%
170,MLK," 밀크, 한국페이즈 서비스와 도서문화상품권 계약 체결 공시",2020.11.26,KRW,191.0,164.0,198.0,-7.75%,3.66%,179.0,174.0,200.0,174.0,170.0,183.0,-0.56%,4.26%
171,PLA, 플레이댑 프로젝트 HTML5 기반 신작 ‘와일드 웨스트(Wild West)’ 페이스북 진출,2020.11.24,KRW,178.0,175.0,229.0,4.26%,28.65%,176.0,176.0,208.0,175.0,169.0,184.0,-1.02%,-0.22%
172,TON, 토카막 네트워크 DTT 얼라이언스 가입,2020.11.24,KRW,2775.0,2655.0,2905.0,4.26%,4.68%,2655.0,2595.0,2785.0,2655.0,2465.0,2870.0,-1.02%,-0.22%
173,PCI," 페이코인, 장내 매수 진행 공시",2020.11.23,KRW,172.0,167.0,178.0,-1.02%,3.49%,169.0,162.0,179.0,166.0,162.0,169.0,-0.22%,-1.34%
174,TON," 토카막 네트워크, 미터와 파트너십 체결",2020.11.19,KRW,2565.0,2400.0,2590.0,0.45%,0.97%,2765.0,2450.0,2765.0,2840.0,2730.0,2840.0,1.98%,5.78%
175,SOLVE, DCARE 채굴이 시작되었습니다.,2020.11.18,KRW,103.0,97.0,105.0,1.98%,1.94%,102.0,100.0,103.0,101.0,99.3,102.0,5.78%,3.42%
176,ADX, AdEx 네트워크는 커뮤니티 거버넌스를 갖춘 최초의 분산형 광고 네트워크가 되었습니다,2020.11.11,KRW,304.0,300.0,327.0,2.37%,7.57%,296.0,287.0,313.0,303.0,282.0,304.0,-0.42%,-1.1%
177,PCI, 페이코인(PCI) 디지털 자산 유통량 공시 (2020년 10월),2020.11.06,KRW,208.0,201.0,218.0,0.26%,4.81%,210.0,197.0,216.0,245.0,203.0,248.0,8.73%,0.49%
178,HUNT, 네버루즈머니 클로즈드 베타 출시,2020.11.05,KRW,47.0,46.5,48.6,8.73%,3.4%,47.9,46.3,48.3,50.3,46.3,50.9,0.49%,3.14%
179,PLA," 플레이댑, 블록체인 기술 도입 예정인 PC MMO ‘아스타 리마스터(가칭)’ 글로벌 판권 확보",2020.11.05,KRW,164.0,164.0,183.0,8.73%,11.59%,171.0,163.0,174.0,178.0,163.0,178.0,0.49%,3.14%
180,MLK, 밀크코인소각완료공시(공모소각+재단매칭소각),2020.11.05,KRW,167.0,165.0,173.0,8.73%,3.59%,167.0,163.0,174.0,170.0,166.0,172.0,0.49%,3.14%
181,PXL, 향후 토큰 유통 계획,2020.11.03,KRW,10.9,9.51,10.9,3.14%,0.0%,11.6,10.7,11.6,11.9,11.3,11.9,-1.14%,-0.21%
182,AERGO," 블록체인 기반 시점확인(TSA) 및 데이터 검증 연합체, ‘DTT 얼라이언스’ 출범",2020.11.04,KRW,47.1,44.2,48.5,0.49%,2.97%,47.8,46.3,48.8,49.7,47.2,49.8,3.14%,-1.14%
183,MVL," MVL TADA 싱가포르, 승차호출 서비스 라이선스(RSOL) 취득",2020.11.02,KRW,1.21,1.16,1.24,-1.14%,2.48%,1.24,1.19,1.26,1.17,1.16,1.43,-0.21%,1.73%
184,PCI," 페이코인, 유니온페이 모바일 선불카드 제휴 체결로 글로벌 결제 시장 진출",2020.11.02,KRW,289.0,254.0,311.0,-1.14%,7.61%,289.0,277.0,299.0,311.0,275.0,314.0,-0.21%,1.73%
185,CHZ," 칠리즈, 노바라 칼초(Novara Calcio) 구단과 파트너십 발표",2020.10.30,KRW,10.9,10.0,10.9,0.87%,0.0%,11.1,10.7,11.3,11.5,10.9,12.0,0.98%,-1.65%
186,SOLVE, Solve.Care에서 의료금융을 위한 세계 최초의 탈중앙화 자율조직(DAO)인 Definitize의 출범 발표,2020.10.29,KRW,106.0,106.0,117.0,0.98%,10.38%,110.0,103.0,113.0,109.0,106.0,111.0,-1.65%,3.71%
187,TSHP, 12Ships 재단은 9월 TSHP 바이백 및 소각을 완료하였습니다.,2020.10.29,KRW,3.61,3.52,3.69,0.98%,2.22%,3.74,3.51,3.74,3.63,3.54,3.82,-1.65%,3.71%
188,META," 메타디움 블록체인(DID) 기반 디지털 공공 통합서비스 앱 ‘B Pass’, ‘시민안전제보’ 스마트폰 앱 출시",2020.10.29,BTC,6.1e-07,5.8e-07,6.1e-07,0.98%,0.0%,6.1e-07,5.8e-07,6.1e-07,6.1e-07,5.9e-07,6.5e-07,-1.65%,3.71%
189,MLK, 밀크소각공시및멤버십토큰(MAP)발행발표,2020.10.29,KRW,165.0,162.0,204.0,0.98%,23.64%,165.0,160.0,167.0,165.0,162.0,169.0,-1.65%,3.71%
190,AERGO," 블로코, 블록체인 플랫폼 ‘아르고 엔터프라이즈 v2.0’, GS 인증 획득",2020.10.28,KRW,49.5,47.8,51.9,-1.65%,4.85%,50.3,48.1,52.2,50.2,48.6,54.5,3.71%,0.5%
191,OGN, 오리진프로토콜(OriginProtocol)업홀드(Uphold)와파트너십성사,2020.10.28,BTC,1.104e-05,1.036e-05,1.143e-05,-1.65%,3.53%,1.276e-05,1.104e-05,1.211e-05,1.269e-05,1.276e-05,1.276e-05,3.71%,0.5%
192,OBSR," 옵저버, ""대한민국 기상산업대상"" 기상청장상 수상",2020.10.28,BTC,2.5e-07,2.4e-07,2.8e-07,-1.65%,12.0%,2.6e-07,2.5e-07,2.8e-07,2.8e-07,2.6e-07,2.8e-07,3.71%,0.5%
193,ONIT," 온버프, ‘뽀로로’ 캐릭터 회사 아이코닉스와 파트너십 체결 등 5개 사안 공시",2020.10.27,BTC,1.22e-05,9.22e-06,1.3e-05,3.71%,6.56%,1.211e-05,1.115e-05,1.249e-05,1.136e-05,1.108e-05,1.218e-05,0.5%,-0.47%
194,OGN, 오리진프로토콜(OriginProtocol) OUSD 거버넌스토큰으로 OGN 채택발표,2020.10.27,BTC,1.276e-05,1.104e-05,1.211e-05,3.71%,-5.09%,1.269e-05,1.276e-05,1.276e-05,1.298e-05,1.269e-05,1.285e-05,0.5%,-0.47%
195,PCI," 페이코인, 탈중앙화 오라클 솔루션 제공업체 체인링크(Chainlink)와 업무협약(MOU) 체결",2020.10.27,BTC,1.819e-05,1.702e-05,1.867e-05,3.71%,2.64%,1.769e-05,1.743e-05,2.027e-05,1.728e-05,1.723e-05,1.825e-05,0.5%,-0.47%
196,STMX," StormX 신규 $1,000 친구 초대 보너스 출시",2020.10.23,KRW,2.37,2.35,2.57,0.18%,8.44%,2.32,2.28,2.48,2.3,2.24,2.35,0.94%,5.69%
197,IQ," 블록체인 백과사전 에브리피디아, 미국 최대 통신사 AP 통신과 파트너십",2020.10.23,KRW,2.54,2.52,2.69,0.18%,5.91%,2.53,2.52,2.57,2.55,2.49,2.63,0.94%,5.69%
198,MLK, 밀크사전투자자락업일정변경공시,2020.10.22,KRW,169.0,168.0,176.0,0.94%,4.14%,164.0,164.0,170.0,176.0,162.0,177.0,5.69%,1.72%
199,AHT, 아하토큰 일부 물량 소각 안내,2020.10.22,KRW,3.92,3.85,4.12,0.94%,5.1%,4.1,3.81,4.11,4.15,4.04,4.41,5.69%,1.72%
200,ORBS," 오브스(Orbs), 재단물량 100%(20억개) 락업 실행완료",2020.10.20,KRW,15.6,15.3,16.2,1.72%,3.85%,15.3,15.0,16.2,15.3,15.0,15.6,1.57%,0.99%
201,SOLVE," 솔브케어, 파트너쉽 관련 공시",2020.10.20,KRW,120.0,111.0,120.0,1.72%,0.0%,131.0,119.0,144.0,130.0,124.0,132.0,1.57%,0.99%
202,MBL, WMBL 머니스왑 Pool 추가 및 10~11월 온라인 영화제 라인업 공시의 건,2020.10.19,KRW,1.8,1.73,1.84,1.57%,2.22%,1.81,1.76,1.82,1.84,1.77,1.85,0.99%,0.18%
203,HBAR, 온체인커스터디안HBAR커스터디지원,2020.10.19,KRW,36.2,35.3,36.5,1.57%,0.83%,36.1,35.8,36.4,36.3,35.7,36.6,0.99%,0.18%
204,CHZ," 칠리즈, 신트트라위던(STVV) 구단과 파트너십 발표",2020.10.16,KRW,12.3,11.6,12.5,-1.3%,1.63%,12.6,12.1,12.6,12.7,12.4,12.8,0.58%,0.12%
205,PCI," 페이코인, 글로벌 앱 서비스 출시",2020.10.16,BTC,2.122e-05,2.058e-05,2.15e-05,-1.3%,1.32%,2.106e-05,2.08e-05,2.21e-05,2.106e-05,2.07e-05,2.195e-05,0.58%,0.12%
206,UPP," 웁살라시큐리티, 디지털 자산 포렌식 솔루션에 Ripple (XRP), Bitcoin Cash (BCH) 추적 기능 추가",2020.10.15,KRW,22.0,21.4,22.3,0.58%,1.36%,22.7,21.6,22.7,22.8,22.3,23.0,0.12%,-0.29%
207,ORBS," 오브스(Orbs), OEGP지원 DeFi 프로젝트 선정",2020.10.14,KRW,15.1,14.5,15.7,0.12%,3.97%,15.4,15.0,15.6,15.5,15.1,16.6,-0.29%,1.84%
208,ONIT," 온버프, 10월 15일 베스팅 물량에 대한 전량 락업",2020.10.14,BTC,1.196e-05,1.09e-05,1.392e-05,0.12%,16.39%,1.216e-05,1.144e-05,1.409e-05,1.266e-05,1.151e-05,1.329e-05,-0.29%,1.84%
209,PLA," 플레이댑, 블록체인 게임사 더 샌드박스와 파트너십 체결",2020.10.14,KRW,232.0,226.0,240.0,0.12%,3.45%,236.0,227.0,248.0,231.0,219.0,256.0,-0.29%,1.84%
210,HBAR, 마일스톤 달성 : 해시그래프 플랫폼 소스코드 오픈 리뷰 출시,2020.10.12,KRW,38.7,37.8,39.6,1.84%,2.33%,38.9,38.2,40.4,39.3,38.7,40.8,0.54%,1.79%
211,AHT, 어드바이저 물량 락업해제 및 일부 회수 안내,2020.10.12,KRW,5.03,4.98,5.67,1.84%,12.72%,5.21,4.94,5.28,5.92,5.11,6.35,0.54%,1.79%
212,CTSI, 카르테시 3분기 주요 마일스톤 달성,2020.10.11,BTC,3.15e-06,3.15e-06,3.61e-06,0.54%,14.6%,3.68e-06,3.12e-06,3.64e-06,3.2e-06,3.11e-06,3.69e-06,1.79%,0.45%
213,PLA," 플레이댑, 블록체인 게임 ‘크립토도저’ 라인 블록체인 생태계 참여",2020.10.08,KRW,200.0,195.0,439.0,1.28%,119.5%,209.0,185.0,214.0,254.0,203.0,255.0,0.04%,-0.94%
214,CHZ," 칠리즈, BSC 영보이즈 구단과 파트너쉽 발표",2020.10.08,KRW,12.0,11.7,12.4,1.28%,3.33%,11.9,11.3,12.4,12.8,11.8,12.8,0.04%,-0.94%
215,MED," 메디블록, 과기정통부 주관 '클라우드 플래그쉽 프로젝트' 기업 선정",2020.10.08,KRW,5.75,5.47,6.29,1.28%,9.39%,5.35,5.31,5.9,5.39,5.28,5.53,0.04%,-0.94%
216,ITAM, 아이텀게임즈 'NFT.farm' 스테이킹 기능 업데이트,2020.10.07,BTC,9.6e-07,8.8e-07,9.8e-07,0.04%,2.08%,9.3e-07,8.7e-07,1.05e-06,9.9e-07,8.9e-07,1e-06,-0.94%,0.72%
217,TT, 썬더코어 에코 시스템 계획 로드맵 업데이트 안내,2020.10.07,KRW,5.07,5.01,5.21,0.04%,2.76%,5.18,5.04,5.21,5.23,5.12,5.27,-0.94%,0.72%
218,RINGX," RINGX 재단, 기프트레터 이용 계약 체결",2020.10.06,BTC,5.89e-06,5.4e-06,5.91e-06,-0.94%,0.34%,5.7e-06,5.69e-06,6.17e-06,5.69e-06,5.34e-06,5.7e-06,0.72%,0.44%
219,UPP," 웁살라시큐리티, 삼성 블록체인 월렛 보안 강화 차별화 위해 가상자산 AML 솔루션 연동",2020.10.06,KRW,34.2,24.1,35.2,-0.94%,2.92%,29.1,28.2,39.2,25.9,25.3,29.3,0.72%,0.44%
220,WAXP," 왁스, 디파이와 NFT 결합된 신규 토큰 이코노미 모델 공개",2020.10.05,KRW,43.7,43.1,45.8,0.72%,4.81%,44.4,43.2,44.6,43.4,43.0,44.8,0.44%,-0.24%
221,HUNT, 2020-3분기 수수료 수입 소각 안내,2020.10.05,KRW,56.7,54.4,59.7,0.72%,5.29%,57.8,55.4,59.6,58.1,56.8,60.3,0.44%,-0.24%
222,ADX," 애드엑스 네트워크가 체인링크와 ADX-USD 가격 피드를 메인넷에 통합하고, 탄력적 토큰 발행을 시작합니다.",2020.10.01,KRW,228.0,215.0,235.0,-0.94%,3.07%,223.0,222.0,245.0,222.0,211.0,228.0,-0.34%,1.07%
223,ADX," AdEx네트워크, 새로운 ADX 토큰 이코노믹스 및 인센티브가 적용된 스테이킹",2020.10.01,KRW,228.0,215.0,235.0,-0.94%,3.07%,223.0,222.0,245.0,222.0,211.0,228.0,-0.34%,1.07%
224,THETA," 쎄타 네트워크, 라인블록체인과 함께 아시아 시장을 타겟할 비디오 서비스 런칭 발표",2020.09.30,KRW,901.0,824.0,935.0,-0.34%,3.77%,835.0,823.0,907.0,870.0,820.0,884.0,1.07%,-0.38%
225,MOC," 모스랜드, 2020 3Q 모스코인 바이백 결과 안내",2020.09.28,KRW,19.2,18.9,19.4,-0.38%,1.04%,19.4,18.6,19.4,19.5,18.9,19.8,0.07%,0.41%
226,ONIT," 온버프는 상장 후 두번째로 언락될 예정인 온버프 토큰(ONIT) 17,392,000개를 전량 소각하였습니다.",2020.09.25,BTC,1.684e-05,1.323e-05,1.745e-05,-0.36%,3.62%,1.416e-05,1.202e-05,1.706e-05,1.631e-05,1.4e-05,1.685e-05,4.66%,-3.25%
227,OGN, 오리진 프로토콜(Origin Protocol) 자체 스테이블 코인 OUSD 출시,2020.09.25,BTC,1.954e-05,1.973e-05,2.17e-05,-0.36%,11.05%,1.924e-05,1.928e-05,1.97e-05,1.924e-05,1.923e-05,2.399e-05,4.66%,-3.25%
228,ONIT," 온버프, ‘뿌까’ 캐릭터 회사 VOOZ와 파트너십 체결",2020.09.23,BTC,1.631e-05,1.4e-05,1.685e-05,-3.25%,3.31%,1.818e-05,1.61e-05,1.846e-05,1.86e-05,1.755e-05,1.985e-05,0.44%,-4.13%
229,CHZ, 칠리즈 코인 소각 안내,2020.09.23,KRW,13.3,12.0,13.3,-3.25%,0.0%,12.8,12.4,13.6,13.5,11.8,13.7,0.44%,-4.13%
230,TT, 썬더코어 DeFi 에코시스템 DEX 'TTSwap' 업그레이드,2020.09.22,KRW,5.33,5.0,5.38,0.44%,0.94%,5.76,5.0,5.79,5.89,5.7,5.89,-4.13%,-0.94%
231,HBAR, 헤데라 해시그래프에 오스트레일리아 농업 공급망 출시,2020.09.22,KRW,37.0,35.8,39.2,0.44%,5.95%,39.3,35.2,39.8,40.2,38.8,40.5,-4.13%,-0.94%
232,ITAM, 아이텀게임즈 '아트그라비아'와 신규 서비스를 위한 디지털 콘텐츠 유통 계약 공시,2020.09.22,BTC,1.06e-06,1.06e-06,1.41e-06,0.44%,33.02%,1.1e-06,9.4e-07,1.17e-06,1.09e-06,9.7e-07,1.17e-06,-4.13%,-0.94%
233,MARO," MARO, TTC 리브랜딩 및 주요 서비스 공시",2020.09.22,KRW,27.4,25.9,32.2,0.44%,17.52%,27.0,24.7,28.1,27.0,25.9,27.4,-4.13%,-0.94%
234,QKC," 쿼크체인, AMM DEX '이퀄라이저(Equalizer)' 출시",2020.09.22,KRW,5.88,5.7,6.29,0.44%,6.97%,6.62,5.66,6.8,6.73,6.52,7.0,-4.13%,-0.94%
235,MBL," 무비블록, 디파이 생태계 확장을 위한 ERC-20 토큰 WMBL 출시",2020.09.21,KRW,2.25,1.86,2.37,-4.13%,5.33%,2.26,2.15,2.27,2.3,2.21,2.33,-0.94%,1.28%
236,AHT, 어뷰징 물량 회수 완료 및 일부 소각 안내,2020.09.21,KRW,5.77,5.6,6.97,-4.13%,20.8%,5.53,5.47,6.17,5.67,5.43,5.85,-0.94%,1.28%
237,OBSR," 옵저버, 중앙일보 미세먼지 및 기상데이터 공급 계약 체결",2020.09.21,BTC,4.1e-07,3.7e-07,4.1e-07,-4.13%,0.0%,3.8e-07,3.8e-07,4.2e-07,3.9e-07,3.5e-07,3.9e-07,-0.94%,1.28%
238,HUNT, 헌트 토큰 소각 완료,2020.09.18,KRW,108.0,80.8,110.0,-0.27%,1.85%,131.0,102.0,140.0,135.0,97.3,175.0,-0.79%,0.77%
239,ENJ," ENJIN, 디지털 엔터테인먼트 에셋(DEA)과 함께 2020 NFT 시상식 개최",2020.09.17,KRW,186.0,182.0,192.0,-0.79%,3.23%,189.0,179.0,189.0,198.0,188.0,205.0,0.77%,1.22%
240,ICX," ICON 2.0: 바탕, 새로운 블록체인 소프트웨어",2020.09.17,KRW,583.0,538.0,599.0,-0.79%,2.74%,606.0,554.0,606.0,613.0,600.0,649.0,0.77%,1.22%
241,MLK," 밀크, Travala.com과 파트너십 체결",2020.09.18,KRW,191.0,188.0,218.0,-0.27%,14.14%,192.0,188.0,195.0,201.0,185.0,201.0,-0.79%,0.77%
242,PCI," 페이코인, 블록체인 플랫폼 및 서비스 제공업체 아이콘루프(ICONLOOP)와 업무협약 체결",2020.09.18,BTC,2.404e-05,2.137e-05,2.402e-05,-0.27%,-0.08%,2.109e-05,2.029e-05,2.535e-05,2.047e-05,2.009e-05,2.19e-05,-0.79%,0.77%
243,PLA, 플레이댑 토큰(PLA) 유통량 및 락업 일정 조정 안내,2020.09.17,BTC,3.016e-05,2.581e-05,3.398e-05,-0.79%,12.67%,2.84e-05,2.791e-05,3.24e-05,2.575e-05,2.357e-05,2.986e-05,0.77%,1.22%
244,BORA," BORA(보라), 카이엔터테인먼트와 테일즈런너 IP 모바일 게임 공동 사업 계약 체결",2020.09.17,KRW,36.8,35.1,38.6,-0.79%,4.89%,38.0,34.6,38.1,39.2,37.8,39.3,0.77%,1.22%
245,HUNT, 백서 및 로드맵 수정 업데이트 안내,2020.09.17,KRW,131.0,102.0,140.0,-0.79%,6.87%,135.0,97.3,175.0,79.0,54.9,144.0,0.77%,1.22%
246,ORBS," 오브스(Orbs), 재단물량 20억개 락업 계획 발표",2020.09.16,KRW,18.0,16.7,18.8,0.77%,4.44%,18.2,17.8,18.5,18.4,17.8,19.2,1.22%,2.28%
247,ITAM, 아이텀게임즈 NFT 게임 아이템 거래를 위한 거래 플랫폼 ‘NFT.farm’ 신규 결제시스템 연동 공시,2020.09.16,BTC,7.1e-07,6.7e-07,1.75e-06,0.77%,146.48%,6.3e-07,5.9e-07,7.6e-07,6.5e-07,5.7e-07,6.5e-07,1.22%,2.28%
248,ITAM, 아이텀게임즈 토큰 일일 분배 물량 주기 변경,2020.09.16,BTC,7.1e-07,6.7e-07,1.75e-06,0.77%,146.48%,6.3e-07,5.9e-07,7.6e-07,6.5e-07,5.7e-07,6.5e-07,1.22%,2.28%
249,OBSR, 옵저버 개인기상관측기(Personal Weather Station) “W-Station” 출시 및 관측 보상 공시,2020.09.14,BTC,3.3e-07,3.3e-07,3.8e-07,2.28%,15.15%,3.4e-07,3.2e-07,3.4e-07,3.4e-07,3.3e-07,3.5e-07,-0.02%,0.35%
250,HUNT, 헌트토큰 소각 및 베스팅 안내,2020.09.11,BTC,2.14e-06,1.97e-06,2.86e-06,0.06%,33.64%,2.31e-06,1.91e-06,2.31e-06,2.34e-06,2.14e-06,2.46e-06,1.24%,0.38%
251,ITAM," 아이텀게임즈 ‘체인링크(Chainlink)’, 에이브(Aave) 프로토콜과 전략적 업무 협약 체결 및 업무 제휴 공시",2020.09.11,BTC,4.7e-07,4.5e-07,8.1e-07,0.06%,72.34%,4.7e-07,4.3e-07,4.8e-07,4.6e-07,4.4e-07,4.8e-07,1.24%,0.38%
252,ICX," 아이콘루프-사람인, 국내 최초로 채용 서비스 전반에 블록체인 기술 적용",2020.09.10,KRW,498.0,496.0,547.0,1.24%,9.84%,484.0,474.0,508.0,510.0,474.0,514.0,0.38%,-2.07%
253,TON," 토카막 네트워크, 주요 투자자 스테이킹 참여 공시",2020.09.10,KRW,8010.0,7525.0,9000.0,1.24%,12.36%,7740.0,7330.0,9960.0,5770.0,5630.0,7960.0,0.38%,-2.07%
254,MBL," 무비블록, 쎄타 네트워크와 협력하여 서비스에 프로토콜 도입",2020.09.10,KRW,1.8,1.8,2.24,1.24%,24.44%,1.76,1.75,1.84,1.78,1.72,1.83,0.38%,-2.07%
255,OBSR, 옵저버 토큰 (OBSR) 재락업 설정 공지,2020.09.10,BTC,2.9e-07,3e-07,3.5e-07,1.24%,20.69%,2.8e-07,2.8e-07,3.1e-07,2.9e-07,2.7e-07,3e-07,0.38%,-2.07%
256,ONIT," 온버프, 일정 별 언락 물량 공시",2020.09.09,BTC,6.532e-05,1.225e-05,6.867e-05,0.38%,5.13%,7.313e-05,5.911e-05,7.525e-05,6.728e-05,6.558e-05,7.53e-05,-2.07%,0.28%
257,TON," 토카막 네트워크, 스테이킹 보상 시스템 공시",2020.09.09,KRW,7740.0,7330.0,9960.0,0.38%,28.68%,5770.0,5630.0,7960.0,5930.0,5280.0,6225.0,-2.07%,0.28%
258,MLK," 밀크, 페이코인(Paycoin)과 전략적 업무 제휴 협약 체결 공시",2020.09.02,KRW,243.0,221.0,245.0,-2.88%,0.82%,250.0,242.0,250.0,254.0,247.0,258.0,1.7%,0.5%
259,PCI," 페이코인, 포인트 통합 플랫폼 밀크(Milk)와 업무 협약(MOU) 체결",2020.09.02,BTC,2.201e-05,2.1e-05,2.376e-05,-2.88%,7.95%,2.388e-05,2.18e-05,2.415e-05,2.401e-05,2.348e-05,2.42e-05,1.7%,0.5%
260,OBSR," 옵저버, 부경대학교 웨더스테이션 공급계약 체결",2020.09.02,BTC,3.3e-07,3.1e-07,3.4e-07,-2.88%,3.03%,3.5e-07,3.2e-07,3.5e-07,3.6e-07,3.1e-07,3.6e-07,1.7%,0.5%
261,CHZ," 칠리즈, 트라브존스포르 구단과 파트너쉽 발표",2020.09.02,KRW,17.7,15.9,17.8,-2.88%,0.56%,17.4,17.1,19.1,17.5,17.2,17.8,1.7%,0.5%
262,CHZ, 칠리즈 코인 소각 안내,2020.09.02,KRW,17.7,15.9,17.8,-2.88%,0.56%,17.4,17.1,19.1,17.5,17.2,17.8,1.7%,0.5%
263,UPP," 웁살라시큐리티, 과기정통부 주최 AI 데이터 가공 지원사업 선정",2020.09.02,KRW,25.3,24.0,25.9,-2.88%,2.37%,24.5,24.0,25.5,24.6,24.0,24.8,1.7%,0.5%
264,OGN, 오리진 프로토콜 디샵(Dshop) 서비스 기능 업그레이드,2020.09.01,BTC,3.388e-05,3.481e-05,4e-05,1.7%,18.06%,3.641e-05,3.387e-05,3.749e-05,3.466e-05,3.38e-05,3.707e-05,0.5%,1.49%
265,META, 메타디움 DID 기반 무인 편의점 출입 서비스 출시,2020.09.01,BTC,7.8e-07,7.5e-07,8.3e-07,1.7%,6.41%,7.5e-07,7.3e-07,8.6e-07,7.6e-07,7.4e-07,7.7e-07,0.5%,1.49%
266,TSHP," 12Ships는 TSHP 월간 바이백&소각 완료, 파일코인(Filecoin)을 시범 채굴할 자체 노드를 구성합니다.",2020.08.31,KRW,5.68,5.51,5.7,0.5%,0.35%,5.59,5.56,5.75,5.59,5.49,5.7,1.49%,-0.58%
267,CTSI, 카르테시 x 믹스마블 파트너쉽 체결,2020.08.28,BTC,6.91e-06,6.8e-06,7.48e-06,1.1%,8.25%,7.36e-06,6.86e-06,7.32e-06,7.48e-06,6.71e-06,7.49e-06,-1.18%,0.63%
268,QKC," 쿼크체인, 멀티네이티브 토큰 DEX 'QSwap' 및 모바일 채굴 게임 'Element Miner' 출시",2020.08.28,KRW,8.93,8.93,9.29,1.1%,4.03%,9.35,8.8,9.5,9.41,9.08,9.44,-1.18%,0.63%
269,ICX," 아이콘루프, 신한은행과 금융권 DID 실명인증 서비스 국내 최초 사용화",2020.08.26,KRW,691.0,664.0,790.0,0.63%,14.33%,725.0,656.0,760.0,745.0,716.0,836.0,-2.88%,0.54%
270,CHZ," 칠리즈($CHZ), 코인베이스 커스터디 론칭",2020.08.26,KRW,18.4,17.7,19.4,0.63%,5.43%,20.4,18.0,20.5,20.1,19.6,20.7,-2.88%,0.54%
271,CRE," 캐리 프로토콜, 팀, 어드바이저, 재단 물량 분배 주기 변경",2020.08.20,KRW,2.82,2.81,2.98,0.64%,5.67%,2.95,2.73,3.04,3.08,2.84,3.12,-0.87%,-1.44%
272,UPP," 웁살라시큐리티, 디파이 업체 DUCATO와 디지털 자산 AML 구축 및 서비스 보안강화 위한 파트너쉽 체결",2020.08.20,KRW,24.2,24.1,26.3,0.64%,8.68%,25.3,23.6,25.3,25.0,23.8,26.3,-0.87%,-1.44%
273,DKA," 디카르고, 국내 최대 암호화폐 플랫폼 코박과 디파이(De-Fi) 프로그램 신규 론칭",2020.08.20,KRW,79.0,71.7,79.8,0.64%,1.01%,76.5,74.0,89.0,84.3,71.1,86.9,-0.87%,-1.44%
274,ICX," 아이콘 네트워크 개발사 아이콘루프, 제주특별자치도와 블록체인 DID 신원인증 관련 업무 협약",2020.08.20,KRW,538.0,525.0,640.0,0.64%,18.96%,580.0,528.0,580.0,587.0,550.0,622.0,-0.87%,-1.44%
275,MBL," 무비블록, 코로나 숏폼 다큐멘터리 투자 제작",2020.08.20,KRW,2.46,2.4,2.51,0.64%,2.03%,2.51,2.41,2.53,2.6,2.46,2.62,-0.87%,-1.44%
276,DKA," 디카르고, 프라이빗 투자자들의 스테이킹 프로그램 참여",2020.08.19,KRW,76.5,74.0,89.0,-0.87%,16.34%,84.3,71.1,86.9,58.9,58.1,88.7,-1.44%,2.27%
277,QKC," 쿼크체인, 멀티네이티브 토큰 경매 통한 사용자 네이티브 토큰 발행 시스템 출시",2020.08.19,KRW,10.0,9.08,10.2,-0.87%,2.0%,9.78,9.5,10.4,9.74,9.54,10.4,-1.44%,2.27%
278,CHZ," 칠리즈($CHZ), 알라메다 리서치와 전략적 파트너쉽 체결",2020.08.18,KRW,23.3,20.0,26.1,-1.44%,12.02%,23.0,21.6,24.2,21.9,21.2,23.7,2.27%,0.08%
279,PCI," 페이코인, 크립토 파이낸스 플랫폼 벨릭(VELIC)과 업무 협약 체결",2020.08.18,BTC,2.68e-05,2.366e-05,2.714e-05,-1.44%,1.27%,2.822e-05,2.62e-05,2.839e-05,2.811e-05,2.761e-05,2.9e-05,2.27%,0.08%
280,STPT," STP 네트워크, 트라발라닷컴의 결제 토큰으로 추가",2020.08.18,KRW,34.6,34.0,38.3,-1.44%,10.69%,34.7,33.1,36.9,35.5,32.3,36.1,2.27%,0.08%
281,ICX," 아이콘 네트워크, 더 나은 디앱을 사용 경험을 위하여 매직과 파트너쉽 및 연동 완료",2020.08.18,KRW,587.0,550.0,622.0,-1.44%,5.96%,627.0,575.0,631.0,600.0,579.0,654.0,2.27%,0.08%
282,ORBS," 오브스(Orbs), DeFi를 위한 ORBS GRANT PROGRAM 공개",2020.08.18,KRW,21.4,21.4,26.0,-1.44%,21.5%,21.4,21.0,21.7,21.2,20.8,21.4,2.27%,0.08%
283,ARDR, v2.3.2 출시로 주요 마일스톤 달성 및 신규 차일드 체인 출시 위한 하드포크 일정 공시,2020.08.18,KRW,82.2,81.5,102.0,-1.44%,24.09%,79.3,78.7,84.3,78.1,76.6,79.6,2.27%,0.08%
284,STPT," STP 네트워크, DVP와 보안 강화를 위한 파트너쉽 체결",2020.08.14,KRW,28.5,28.0,31.6,0.26%,10.88%,28.6,27.6,29.9,28.6,26.1,29.7,0.74%,0.66%
285,CHZ," 칠리즈($CHZ), 스포츠 팬 글로벌 리워드를 위한 비자(VISA) 직불카드 'I AM MORE THAN A FAN' 론칭",2020.08.14,KRW,21.3,20.2,24.5,0.26%,15.02%,19.0,18.8,23.5,17.0,16.0,19.1,0.74%,0.66%
286,MLK, 밀크 사전 투자물량 일별 배포량 반감(halving) 공지,2020.08.12,KRW,263.0,242.0,265.0,0.66%,0.76%,256.0,247.0,266.0,243.0,242.0,258.0,-2.65%,1.23%
287,MBL, 토큰 (MBL) 유통량 및 분배 일정 안내,2020.08.11,KRW,2.64,2.49,2.73,-2.65%,3.41%,2.54,2.49,2.64,2.5,2.47,2.57,1.23%,-0.48%
288,IOST," 아이오에스티(IOST), 디파이(DeFi) 육성 위해 12억원 규모 펀드 런칭",2020.08.10,KRW,7.26,7.07,8.2,1.23%,12.95%,7.22,6.98,7.3,7.0,6.91,7.37,-0.48%,0.8%
289,OBSR, 위키트리(WikiTree) 미세먼지 및 기상데이터 공급 계약 체결,2020.08.10,BTC,4.8e-07,4.2e-07,4.8e-07,1.23%,0.0%,4.8e-07,4.5e-07,5e-07,4.6e-07,4.5e-07,5e-07,-0.48%,0.8%
290,HBAR, 헤데라 네트워크 서비스 공식적으로 오픈소스화,2020.08.07,KRW,52.2,50.2,54.7,-0.77%,4.79%,51.5,50.1,52.8,51.5,50.4,52.1,0.3%,3.93%
291,OGN, 오리진 프로토콜 신제품 디샵(Dshop) 셀프스토어 구축 기능 출시,2020.08.06,BTC,2.578e-05,2.401e-05,3.329e-05,0.3%,29.13%,2.8e-05,1.781e-05,3.929e-05,2.779e-05,2.547e-05,2.815e-05,3.93%,0.35%
292,PXL," 픽션네트워크, 신임 대표이사 취임 공시",2020.08.04,KRW,14.8,14.2,15.2,0.35%,2.7%,14.8,14.6,15.0,15.5,13.8,15.5,1.86%,-6.41%
293,CHZ," 칠리즈, 에스토니아 운영 라이센스 확보",2020.08.03,KRW,15.0,14.7,16.7,1.86%,11.33%,15.9,13.2,16.1,16.4,15.3,16.8,-6.41%,3.77%
294,BORA," BORA(보라), 게임 개발사 '픽톨로지'와 블록체인 게임 공동사업 계약 체결",2020.08.03,BTC,2.62e-06,2.35e-06,3.22e-06,1.86%,22.9%,2.64e-06,2.24e-06,2.83e-06,2.45e-06,2.29e-06,2.88e-06,-6.41%,3.77%
295,MBL, 토큰(MBL) 프라이빗 물량 지급 조기 완료 안내,2020.08.03,KRW,2.87,2.53,2.92,1.86%,1.74%,2.93,2.44,2.99,3.01,2.77,3.07,-6.41%,3.77%
296,CHZ, 칠리즈 코인 소각 안내,2020.07.31,KRW,15.3,15.3,25.0,2.43%,63.4%,14.4,14.2,19.0,14.0,13.8,15.0,-0.2%,2.76%
297,BORA," 보라(BORA), 글로벌 게임 개발사 '갈라랩'과 공동사업 계약 체결",2020.07.30,BTC,1.83e-06,1.78e-06,2.53e-06,-0.2%,38.25%,1.86e-06,1.77e-06,1.98e-06,1.81e-06,1.7e-06,1.86e-06,2.76%,-1.11%
298,HBAR, 헤데라 프리뷰넷 공개 소식,2020.07.30,KRW,51.7,50.2,54.1,-0.2%,4.64%,50.6,49.2,53.4,46.8,46.5,51.6,2.76%,-1.11%
299,META, 메타디움 DID 기술이 비대면 인증 솔루션 개발에 활용,2020.07.29,BTC,7.4e-07,7.3e-07,7.8e-07,2.76%,5.41%,7.1e-07,7.1e-07,7.5e-07,8.3e-07,6.9e-07,8.2e-07,-1.11%,10.25%
300,OGN, 오리진 프로토콜 자사 플랫폼 디샵(Dshop) 신규 파트너쉽 5개 채결,2020.07.29,BTC,2.921e-05,2.872e-05,3.058e-05,2.76%,4.69%,2.769e-05,2.826e-05,2.945e-05,3.236e-05,2.769e-05,3.107e-05,-1.11%,10.25%
301,OGN, 오리진 토큰(OGN) 코인베이스 커스터디(Coinbase Custody) 파트너쉽,2020.07.29,BTC,2.921e-05,2.872e-05,3.058e-05,2.76%,4.69%,2.769e-05,2.826e-05,2.945e-05,3.236e-05,2.769e-05,3.107e-05,-1.11%,10.25%
302,UPP," 웁살라시큐리티, 델리오와 디지털 자산 AML 도입 및 서비스 보안강화를 위한 업무협약 체결",2020.07.28,KRW,22.6,22.1,24.9,-1.11%,10.18%,24.1,22.2,24.1,24.0,23.4,24.9,10.25%,2.07%
303,ORBS," 오브스(Orbs), 새로운 POS 리워드 정책 공시",2020.07.27,KRW,20.6,18.9,20.7,10.25%,0.49%,21.1,20.1,21.6,21.3,21.1,21.6,2.07%,1.15%
304,HBAR, eftpos dCommerce 소액 결제 솔루션을 위해 헤데라 헤시그래프 협업,2020.07.23,KRW,50.0,49.4,51.8,0.55%,3.6%,49.1,48.6,51.7,48.7,48.2,49.9,1.31%,1.58%
305,PCI," 페이코인, 크립토 파이낸스 전문기업 델리오(Delio)와 업무 협약(MOU) 체결",2020.07.22,BTC,1.548e-05,1.528e-05,1.596e-05,1.31%,3.1%,1.565e-05,1.516e-05,1.58e-05,1.575e-05,1.546e-05,1.594e-05,1.58%,0.06%
306,UPP," 웁살라시큐리티, 서울신문과 온라인 공익플랫폼 ""코인셜록"" 공동 발족",2020.07.21,KRW,23.6,23.5,25.4,1.58%,7.63%,22.8,22.6,24.1,22.5,22.4,23.4,0.06%,0.35%
307,MED," 메디블록, 신한생명과 실손 보험 간편 청구 서비스 연동 완료",2020.07.17,KRW,5.08,5.06,5.78,0.03%,13.78%,5.22,4.9,5.26,5.07,5.03,5.28,-0.37%,-0.32%
308,AHT, 아하토큰 3차 소각 안내,2020.07.17,BTC,2.9e-07,2.6e-07,3e-07,0.03%,3.45%,3.1e-07,2.7e-07,3.1e-07,2.8e-07,2.6e-07,3.1e-07,-0.37%,-0.32%
309,MBL," 무비블록, 모모랜드 콘서트 메이킹 필름 제작",2020.07.16,KRW,2.51,2.32,2.64,-0.37%,5.18%,2.46,2.39,2.62,2.36,2.33,2.53,-0.32%,0.09%
310,QKC," 쿼크체인, 아마존 웹서비스(AWS) 기반 BaaS 플랫폼 출시",2020.07.16,KRW,8.36,8.24,9.8,-0.37%,17.22%,8.28,8.12,8.56,8.1,7.78,8.47,-0.32%,0.09%
311,RINGX, RINGX 재단 토큰 소각 안내,2020.07.14,BTC,1.755e-05,1.354e-05,1.825e-05,0.09%,3.99%,2.001e-05,1.616e-05,2.555e-05,2.33e-05,1.985e-05,2.329e-05,-0.33%,0.72%
312,WAXP," 왁스, 디지털 트레이딩 카드 'GPK Goes Exotic' 출시",2020.07.14,KRW,65.5,64.2,67.6,0.09%,3.21%,65.0,64.2,70.2,64.7,64.1,65.5,-0.33%,0.72%
313,MOC," 모스랜드, 2020 2Q 모스코인 바이백 결과 안내",2020.07.13,KRW,22.3,21.8,23.1,-0.33%,3.59%,22.5,22.0,22.6,22.6,22.2,22.9,0.72%,-0.78%
314,PCI," 페이코인, 매드포갈릭 운영사 MFG KOREA와 서비스 제휴 및 사업 협력 MOU 체결",2020.07.10,BTC,1.515e-05,1.473e-05,1.54e-05,0.75%,1.65%,1.489e-05,1.445e-05,1.52e-05,1.535e-05,1.485e-05,1.598e-05,-1.59%,1.37%
315,QKC, 쿼크체인 플랫폼 오픈소스에서 1백만 이상 TPS 달성,2020.07.10,KRW,8.24,8.15,9.16,0.75%,11.17%,7.9,7.9,9.37,8.43,7.63,8.47,-1.59%,1.37%
316,MLK, 스테이킹형 리워드 프로그램인 '밀크팩' 도입 공시,2020.07.08,KRW,235.0,230.0,255.0,1.37%,8.51%,232.0,229.0,236.0,229.0,226.0,235.0,-0.7%,2.16%
317,QKC," 쿼크체인, 중국 정부 산하 자원관리 플랫폼 개발 프로젝트 수주",2020.07.07,KRW,7.08,6.99,10.5,-0.7%,48.31%,7.07,6.89,7.11,7.19,6.89,7.2,2.16%,-0.49%
318,ARDR," BBB Wise Giving Alliance, 기부 플랫폼 GiveSafely.io의 기반 기술로 Ardor 선정 및 출시",2020.07.06,KRW,61.2,59.7,63.4,2.16%,3.59%,59.7,58.5,61.2,59.7,57.5,60.8,-0.49%,0.43%
319,NPXS, Pundi X의 블록체인 기반 POS 기기에서 PayPal 사용 지원,2020.07.06,KRW,0.21,0.21,0.23,2.16%,9.52%,0.22,0.21,0.24,0.21,0.2,0.22,-0.49%,0.43%
320,HBAR, 헤데라 거버닝 카운슬 업데이트 - 새로운 맴버,2020.07.03,KRW,45.6,45.1,48.7,-0.47%,6.8%,46.6,44.7,46.8,45.9,45.4,47.2,-1.47%,1.36%
321,PXL,"  픽션네트워크, 영어 및 중국어 지원 시작하며 본격 글로벌 서비스 돌입",2020.07.02,KRW,15.1,14.5,15.8,-1.47%,4.64%,14.8,14.4,15.1,14.9,14.2,15.1,1.36%,-0.63%
322,MBL," 무비블록, 자회사 통한 할리우드 팀과의 자체 영화 제작으로 사업 영역 확대",2020.07.01,KRW,2.2,2.14,2.28,1.36%,3.64%,2.08,2.06,2.31,2.09,2.0,2.12,-0.63%,0.02%
323,IOST," BSN, IOST '샨이우(Shanyiou) 플랫폼' 공식 앱으로 선정",2020.07.01,KRW,6.47,6.36,6.81,1.36%,5.26%,6.69,6.35,6.71,6.76,6.52,7.08,-0.63%,0.02%
324,UPP," 웁살라시큐리티, 삼성전자 블록체인서비스와 고객지원업무제휴 계약 체결",2020.07.01,KRW,35.8,29.0,42.1,1.36%,17.6%,18.6,18.2,36.4,18.5,17.8,18.9,-0.63%,0.02%
325,TSHP," 12ships, 밴코어스(Vancores)와 함께 채굴 분야의 개발 전략 업그레이드",2020.06.30,KRW,5.48,5.33,5.76,-0.63%,5.11%,5.61,5.33,5.65,5.47,5.31,5.72,0.02%,0.52%
326,CRE," 캐리 프로토콜, 파트너사 회원 대상 오프라인 데이터 수집 활동 전개",2020.06.29,KRW,2.68,2.43,2.78,0.02%,3.73%,2.79,2.46,2.9,2.58,2.56,3.04,0.52%,-1.2%
327,WAXP, 카운슬 새 맴버 발표,2020.06.25,KRW,65.6,60.0,70.1,-0.77%,6.86%,68.3,63.7,68.6,70.9,68.0,71.3,-2.4%,-0.72%
328,META, 메타디움 마이키핀 DID 적용한 비대면 AI 교육 학습관리 개발사업 시행,2020.06.23,BTC,7.9e-07,7.4e-07,7.9e-07,-0.72%,0.0%,8.1e-07,7.8e-07,8.1e-07,8.1e-07,7.9e-07,8.1e-07,3.16%,-0.77%
329,CHZ," 칠리즈, FC 바르셀로나 팬 토큰($BAR) 출시",2020.06.22,KRW,17.0,16.4,18.8,3.16%,10.59%,16.1,15.9,17.1,16.6,15.8,16.8,-0.77%,0.35%
330,IOST," 아이오에스티(IOST), 중국 국가기록원과 전략적 제휴",2020.06.22,KRW,7.2,7.19,8.58,3.16%,19.17%,7.34,7.08,7.42,7.11,6.95,7.34,-0.77%,0.35%
331,TT," 썬더코어, 타이페이시 정부 정보국 TT체인 노드 검수 성공",2020.06.20,KRW,7.3,7.13,7.3,0.35%,0.0%,7.13,6.95,7.36,7.16,7.04,7.18,-0.48%,-0.84%
332,HBAR, 헤데라 해시그래프 월드 와이드 웹 컨소시움 (W3C) 합류,2020.06.18,KRW,51.5,50.4,58.9,-0.84%,14.37%,50.2,49.3,52.0,48.6,47.8,52.3,-0.14%,0.94%
333,DKA," 디카르고, 캐롯손해보험과 파트너쉽 발표",2020.06.17,BTC,1.704e-05,1.549e-05,1.74e-05,-0.14%,2.11%,1.803e-05,1.631e-05,1.858e-05,1.62e-05,1.609e-05,2.121e-05,0.94%,0.89%
334,STPT," STP 네트워크, DeFi 이니셔티브 출범 (총 5천만 STPT 규모)",2020.06.17,KRW,18.8,17.7,19.5,-0.14%,3.72%,20.0,18.5,19.9,17.6,16.6,21.7,0.94%,0.89%
335,AHT," 아하토큰, 2차 소각 안내",2020.06.16,BTC,5.3e-07,4.3e-07,5.9e-07,0.94%,11.32%,3.2e-07,3.1e-07,5.4e-07,2e-07,1.9e-07,3.6e-07,0.89%,-1.25%
336,HBAR, 헤데라 거버닝 카운슬 새 맴버 발표,2020.06.14,KRW,50.9,48.6,51.7,-1.25%,1.57%,50.8,49.9,51.5,48.0,47.4,51.7,0.07%,2.61%
337,CHZ," 칠리즈, Chiliz.net에 유벤투스, 갈라타사라이, 파리 생제르맹 팬 토큰 상장",2020.06.12,KRW,13.4,13.1,14.5,2.61%,8.21%,14.7,13.0,15.1,15.0,14.7,15.2,-5.51%,0.42%
338,AHT, 아하토큰 1차 소각 안내,2020.06.11,BTC,1.6e-07,1.4e-07,1.8e-07,-5.51%,12.5%,1.9e-07,1.5e-07,1.9e-07,3e-08,3e-08,7e-07,0.42%,-0.02%
339,WAXP, WAX 자문위원회 발표,2020.06.09,KRW,97.7,87.8,97.7,-0.02%,0.0%,97.5,92.0,103.0,90.6,85.1,102.0,0.03%,0.4%
340,META," [META] 부산시, 메타디움 DID 블록체인 활용 공공 서비스 개시",2020.06.09,BTC,8.3e-07,8.2e-07,9e-07,-0.02%,8.43%,7.8e-07,7.7e-07,8.6e-07,7.1e-07,6.8e-07,9e-07,0.03%,0.4%
341,OBSR," 옵저버 제 1 저자, 서울대 외 학회 공동 참여 논문 게재 확정",2020.06.05,BTC,2.3e-07,2.2e-07,2.5e-07,-1.59%,8.7%,2.2e-07,2.2e-07,2.6e-07,2.5e-07,2.2e-07,2.7e-07,1.07%,1.11%
342,BORA," BORA(보라), 아스텔리아 글로벌 서비스 이관 통합 사업 확장",2020.06.04,BTC,2.93e-06,2.78e-06,3.07e-06,1.07%,4.78%,2.98e-06,2.75e-06,2.98e-06,2.89e-06,2.7e-06,2.98e-06,1.11%,-4.89%
343,TT," 썬더코어, 타이페이시 정부 인터넷 투표 시스템 i-Voting 기술 통합 완료",2020.06.04,KRW,8.42,8.21,10.5,1.07%,24.7%,8.1,7.83,8.57,8.01,7.34,8.45,1.11%,-4.89%
344,THETA," 구글 클라우드, 쎄타 네트워크 메인넷 2.0 출시 파트너 및 기업 검증자 노드로 합류",2020.05.27,KRW,500.0,360.0,721.0,4.05%,44.2%,429.0,417.0,580.0,417.0,403.0,475.0,-0.89%,1.51%
345,MED," 메디블록, 정보보안 국제표준 'ISO 27001' 인증 취득",2020.05.26,KRW,7.0,5.14,7.3,-0.89%,4.29%,4.45,4.42,7.42,4.62,4.43,4.89,1.51%,-4.27%
346,CRE," 캐리프로토콜, 투자자 대상 물량 언락 종료 공시",2020.05.25,KRW,1.93,1.9,2.36,1.51%,22.28%,1.84,1.83,2.03,1.89,1.82,2.02,-4.27%,0.21%
347,MBL," 무비블록, 배급사 호우주의보와 파트너쉽 체결",2020.05.22,KRW,1.77,1.68,2.19,0.25%,23.73%,1.65,1.58,1.83,1.69,1.61,1.77,-3.84%,-1.66%
348,SOLVE," 솔브케어, 원격의료 거래소(GTHE) 플랫폼 출시 발표",2020.05.22,KRW,283.0,195.0,314.0,0.25%,10.95%,169.0,155.0,287.0,178.0,165.0,188.0,-3.84%,-1.66%
349,UPP," 웁살라시큐리티, NSHC 기술제휴 및 사업협력 MOU/NDA 체결",2020.05.21,KRW,19.0,18.0,20.4,-3.84%,7.37%,19.7,18.0,19.8,19.0,18.6,20.5,-1.66%,0.19%
350,TT," 썬더코어, TT 메인넷 PaLa R2 업그레이드",2020.05.22,KRW,6.64,6.49,8.43,0.25%,26.96%,6.35,6.12,6.8,6.34,6.02,6.39,-3.84%,-1.66%
351,MOC," 모스랜드, 인도네시아 종합 쇼핑몰 '퍼시픽 플레이스'와 제휴",2020.05.19,KRW,31.8,26.5,36.6,0.19%,15.09%,26.5,24.2,38.9,21.3,21.2,26.9,0.74%,2.6%
352,MED," 메디블록, KT - 게이츠재단 감염병 대응 연구 컨소시엄 참여",2020.05.18,KRW,3.65,3.65,7.48,0.74%,104.93%,3.54,3.53,3.71,3.48,3.48,3.64,2.6%,0.1%
353,MOC," 모스랜드, 모바일 게임 '로열 마블 매니저' 소프트 런칭",2020.05.15,KRW,22.7,21.2,23.1,-3.92%,1.76%,19.1,18.7,24.3,18.0,17.9,19.1,4.51%,5.54%
354,BORA," BORA(보라), 라온엔터테인먼트의 자회사 제나애드와 게임 및 IP 활용 위한 파트너쉽 체결",2020.05.14,BTC,3.05e-06,2.81e-06,3.17e-06,4.51%,3.93%,3.27e-06,2.99e-06,3.27e-06,3.26e-06,2.91e-06,3.3e-06,5.54%,2.19%
355,MBL," MBL Media, 호주 원작 '놀라부' 애니메이션, 영화 개발 및 제작 글로벌 독점권 계약 체결",2020.05.14,KRW,1.48,1.4,1.49,4.51%,0.68%,1.47,1.45,1.5,1.42,1.41,1.47,5.54%,2.19%
356,MLK," 밀크, 개발사(Team) 및 기업 Partners 물량 관련 공시",2020.05.13,KRW,228.0,228.0,246.0,5.54%,7.89%,220.0,219.0,236.0,238.0,209.0,244.0,2.19%,-2.09%
357,META," 메타디움, 중남미 2천만 사용자 대상 DID 기반 디지털 월렛 '카이보 키핀' 출시",2020.05.13,BTC,7e-07,6.3e-07,7.3e-07,5.54%,4.29%,7.4e-07,6.8e-07,7.3e-07,8.5e-07,7e-07,8.7e-07,2.19%,-2.09%
358,ANKR," 앵커(ANKR), '번영을 위한 셀로 연맹(Celo Alliance)' 가입",2020.05.08,KRW,2.03,1.97,2.16,-0.98%,6.4%,2.1,1.99,2.12,2.24,2.1,2.31,6.47%,2.71%
359,CHZ," 칠리즈, UFC와 글로벌 파트너쉽 발표",2020.05.07,KRW,12.8,11.4,15.0,6.47%,17.19%,11.2,11.2,14.5,10.5,9.93,13.7,2.71%,1.12%
360,MED," 메디블록 컨소시엄, 민간주도 블록체인 사업대상자 선정",2020.05.07,KRW,3.45,3.34,3.76,6.47%,8.99%,3.52,3.37,3.59,3.46,3.42,3.57,2.71%,1.12%
361,HBAR," 헤데라 해시그래프, 거버닝 카운슬 새 맴버 : 유니버시티 칼리지 런던 (University College London)",2020.05.07,KRW,47.6,45.6,48.9,6.47%,2.73%,48.6,47.2,49.6,51.0,47.3,52.6,2.71%,1.12%
362,MOC," 모스랜드, VR 포커게임 Gangsta Underground 출시",2020.05.06,KRW,18.6,18.1,18.7,2.71%,0.54%,18.8,18.1,19.0,19.1,18.0,19.3,1.12%,-0.34%
363,EMC2, 아인스타이늄 보건복지부 지정 국민안심병원 부평세림병원과 COVID-19 대응 MOU 체결,2020.05.06,KRW,59.0,57.6,59.7,2.71%,1.19%,58.8,56.5,60.8,60.8,55.9,62.6,1.12%,-0.34%
364,UPP," 웁살라시큐리티, 프로스트 앤 설리번 '2020 아시아 태평양 블록체인-암호화폐 혁신상' 아태지역 최초 수상",2020.05.06,KRW,17.4,17.0,17.9,2.71%,2.87%,17.2,16.8,17.9,17.7,16.5,18.0,1.12%,-0.34%
365,ORBS," 오브스(Orbs), 경영진 인사 변동 공시",2020.05.06,KRW,12.2,12.3,12.8,2.71%,4.92%,12.3,12.0,12.5,12.4,12.1,12.5,1.12%,-0.34%
366,MLK, 밀크 - 신세계면세점 정식 서비스 론칭,2020.05.06,KRW,267.0,262.0,322.0,2.71%,20.6%,268.0,261.0,268.0,270.0,258.0,272.0,1.12%,-0.34%
367,QKC," 쿼크체인, 첫 블록 채굴 보상감소 일정 공지",2020.05.04,KRW,3.46,3.24,3.51,-0.34%,1.45%,3.58,3.39,3.85,3.41,3.35,4.07,0.05%,1.01%
368,MOC," 모스랜드, 2020 1Q 모스코인 바이백 결과 안내",2020.05.04,KRW,19.1,18.0,19.3,-0.34%,1.05%,19.7,18.8,20.0,19.7,18.6,19.8,0.05%,1.01%
369,HBAR," 헤데라 해시그래프, The coupon bureau 유즈케이스 및 킹덤 트러스트 HBAR 지원 관련",2020.05.04,KRW,48.2,44.3,51.2,-0.34%,6.22%,53.5,46.5,53.5,51.3,50.4,57.8,0.05%,1.01%
370,MED," 메디블록, 부산-울산-경남 지역 최대 의료재단 은성의료재단과 MOU 체결",2020.04.27,KRW,3.36,3.34,3.73,1.22%,11.01%,3.35,3.23,3.4,3.28,3.26,3.43,2.31%,0.7%
371,CHZ," 칠리즈, 토큰의 유동성 향상을 위해 소시오스닷컴 앱 내 출금 기능 개시",2020.04.24,KRW,8.18,8.04,8.36,0.47%,2.2%,7.95,7.72,8.35,7.83,7.65,7.96,4.87%,2.72%
372,EMC2," 아인스타이늄, 재단 핵심 인력 변동 공시",2020.04.23,KRW,46.5,45.7,48.0,4.87%,3.23%,45.9,45.0,46.8,46.5,44.8,47.0,2.72%,0.24%
373,PXL," PXL(픽셀), 120만 유저들이 사용하는 e스포츠 플랫폼으로 사용처 확대",2020.04.24,KRW,14.5,14.3,15.0,0.47%,3.45%,14.6,14.2,14.9,15.5,14.0,15.9,4.87%,2.72%
374,UPP," 웁살라 시큐리티, 법무법인(유한) 바른과 국내 최초 '디지털자산 사기 피해 회복 토털 법률서비스' 런칭",2020.04.23,KRW,15.7,15.4,16.2,4.87%,3.18%,15.0,14.9,15.9,15.5,14.7,15.7,2.72%,0.24%
375,TSHP, 트웰브쉽스 재단 Vancores 운영사 선임안에 대한 투표 결과,2020.04.23,KRW,4.96,4.79,5.0,4.87%,0.81%,4.92,4.83,5.01,5.14,4.72,5.17,2.72%,0.24%
376,MED," 메디블록, 병원용 EHR 솔루션 출시 및 3주년 사업 성과 공유",2020.04.23,KRW,3.13,3.09,3.33,4.87%,6.39%,3.08,3.0,3.15,3.12,3.0,3.24,2.72%,0.24%
377,MLK, 밀크-야놀자 시스템 개발 완료 공시,2020.04.23,KRW,279.0,266.0,300.0,4.87%,7.53%,259.0,255.0,289.0,275.0,255.0,285.0,2.72%,0.24%
378,QKC," 쿼크체인, 공식 월렛 큐포켓(QPocket), 메이커다오와 협력",2020.04.21,KRW,3.56,3.21,3.87,0.24%,8.71%,3.24,3.23,4.01,3.3,3.15,3.31,-3.15%,-0.6%
379,BORA," BORA(보라), 바른손이엔에이의 자회사 스튜디오8과 '아스텔리아' 시리즈 서비스 계약 체결",2020.04.21,BTC,4.68e-06,4.68e-06,5.11e-06,0.24%,9.19%,4.58e-06,4.37e-06,4.91e-06,4.29e-06,4.17e-06,4.69e-06,-3.15%,-0.6%
380,AERGO," AERGO, TROY network와 전략적 파트너쉽 체결",2020.04.21,KRW,24.5,23.9,26.0,0.24%,6.12%,25.4,24.4,25.8,25.8,24.5,26.0,-3.15%,-0.6%
381,TSHP," 12SHIPS, 트웰브쉽스 재단 Vancores 운영사 선임안 투표진행",2020.04.13,KRW,5.27,4.92,5.29,-1.07%,0.38%,5.25,5.18,5.36,5.29,5.15,5.39,0.08%,0.58%
382,BORA," BORA(보라), 글로벌 게임 시장에 모바일 게임 세븐가디언즈 with BORA 론칭",2020.04.10,BTC,4.84e-06,4.59e-06,5.49e-06,-4.43%,13.43%,4.16e-06,4.07e-06,5e-06,3.77e-06,3.59e-06,4.46e-06,-0.19%,1.86%
383,ARDR," Jelurida, ARDOR 차일드 체인 확장을 위해 Labrys와 파트너쉽 체결",2020.04.08,KRW,41.1,41.0,43.2,1.86%,5.11%,41.3,39.2,43.4,39.5,39.2,41.3,-1.43%,7.17%
384,ORBS," 오브스, 새로운 POS 참여방법 공시",2020.04.08,KRW,12.1,12.0,13.4,1.86%,10.74%,12.3,11.9,12.4,12.0,11.9,12.4,-1.43%,7.17%
385,META," 메타디움, THEPOL 베타 출시 및 매일경제신문사와 미디어 파트너쉽 체결",2020.04.07,BTC,1.56e-06,1.51e-06,1.72e-06,-1.43%,10.26%,1.56e-06,1.51e-06,1.64e-06,1.51e-06,1.49e-06,1.58e-06,7.17%,-0.62%
386,UPP," 웁살라시큐리티, 싱가포르통화청(MAS) 산하기관에 디지털 자산자금세탁방지 솔루션 제공",2020.04.06,KRW,15.7,15.6,18.9,7.17%,20.38%,15.7,15.5,15.8,15.8,15.4,15.9,-0.62%,1.14%
387,MED," 메디블록, 세브란스병원과 메디패스 서비스 연동 완료",2020.04.03,KRW,3.05,3.02,3.65,-0.22%,19.67%,3.03,2.94,3.08,3.01,2.89,3.03,1.24%,3.53%
388,PXL," 픽션네트워크, LINKA PAY 도입해 PXL 사용의 대중화 계기 마련",2020.04.02,BTC,3.44e-06,3.06e-06,3.62e-06,1.24%,5.23%,3.48e-06,3.14e-06,3.5e-06,3.78e-06,3.12e-06,3.88e-06,3.53%,0.01%
389,STPT," STP 네트워크, 삼성 블록체인 '파트너 디앱' 합류",2020.04.02,KRW,18.0,17.7,21.3,1.24%,18.33%,18.1,17.0,18.2,18.2,17.0,18.8,3.53%,0.01%
390,MBL," 무비블록, 무비블록 픽(MovieBloc PICK) 신규 서비스 오픈 및 영화공모 안내",2020.03.30,KRW,1.68,1.66,1.89,8.04%,12.5%,1.79,1.65,1.84,1.78,1.63,1.9,-5.72%,-2.84%
391,NPXS," 펀디엑스, 싱가포르 통화 당국(MAS) 펀디엑스에 라이센스 임시면제 부여",2020.03.26,KRW,0.13,0.13,0.14,0.01%,7.69%,0.14,0.13,0.14,0.14,0.13,0.14,-1.15%,3.98%
392,ANKR," 앵커, 보닉(BONIC) 기부 컴퓨팅으로 코로나(Covid-19) 연구 지원",2020.03.26,KRW,1.57,1.52,2.3,0.01%,46.5%,1.6,1.5,1.6,1.56,1.49,1.68,-1.15%,3.98%
393,PXL," 픽션네트워크, 유통량 현황 및 향후 계획 공시",2020.03.25,BTC,2.4e-06,2.18e-06,2.99e-06,-1.15%,24.58%,1.71e-06,1.6e-06,2.4e-06,1.79e-06,1.71e-06,1.96e-06,3.98%,9.25%
394,CRE," 캐리, 중국 진출 발판을 위한 CRE 바나나톡 리스팅",2020.03.24,KRW,1.69,1.6,1.72,3.98%,1.78%,1.64,1.55,1.76,1.83,1.62,1.87,9.25%,-4.83%
395,META," 메타디움, 블록체인 금융 서비스 전문 기업 Celo가 주도하는 'Celo 얼라이언스' 참여",2020.03.19,BTC,1.2e-06,1.07e-06,1.2e-06,13.85%,0.0%,1.24e-06,1.14e-06,1.28e-06,1.04e-06,1.06e-06,1.24e-06,-0.43%,6.09%
396,HBAR," 헤데라 해시그래프, 거버닝 카운슬 새 맴버 발표",2020.03.19,KRW,45.8,43.3,55.7,13.85%,21.62%,47.3,42.9,49.7,45.6,42.8,49.4,-0.43%,6.09%
397,MED," 메디블록, 블록체인기반 간편보험청구 서비스 '메디패스' iOS 버전 출시",2020.03.19,KRW,2.93,2.94,3.84,13.85%,31.06%,3.03,2.7,3.05,2.61,2.61,3.16,-0.43%,6.09%
398,MBL," 무비블록, MBL media 설립 및 안홍주 대표이사 선임",2020.03.18,KRW,1.43,1.32,1.54,-0.43%,7.69%,1.36,1.32,1.49,1.62,1.24,1.63,6.09%,-7.58%
399,BORA," BORA(보라), 글로벌 게임 서비스 환경 구축 위한 BORA 아일랜드 2.0 출시",2020.03.12,BTC,2.7e-06,1.95e-06,2.73e-06,-33.09%,1.11%,2.68e-06,2.6e-06,2.84e-06,2.5e-06,2.48e-06,2.91e-06,-0.67%,-1.56%
400,ORBS," 오브스(ORBS), 삼성 블록체인 파트너쉽 공시",2020.03.12,BTC,1.48e-06,1.07e-06,1.5e-06,-33.09%,1.35%,1.5e-06,1.47e-06,1.52e-06,1.44e-06,1.44e-06,1.51e-06,-0.67%,-1.56%
401,MLK," 밀크(MiL.K), 신규 파트너로 신세계면세점 합류",2020.03.12,KRW,714.0,482.0,947.0,-33.09%,32.63%,726.0,680.0,730.0,743.0,704.0,749.0,-0.67%,-1.56%
402,META," 메타디움, 메타(META) 코인 활용 투표/조사 모바일앱, ""THEPOL (서명과 여론)"" 출시 예정",2020.03.11,BTC,9.1e-07,8.9e-07,1.08e-06,-0.67%,18.68%,8.7e-07,8.7e-07,9.2e-07,8.9e-07,8.5e-07,9.7e-07,-1.56%,-1.52%
403,QKC," 쿼크체인, Nuts Finance와 기술 및 사업 제휴",2020.03.10,KRW,5.25,4.49,5.29,-1.56%,0.76%,4.09,3.96,6.44,4.76,4.06,4.84,-1.52%,-7.51%
404,QKC," 쿼크체인, 멀티네이티브 토큰 출시",2020.03.09,KRW,4.09,3.96,6.44,-1.52%,57.46%,4.76,4.06,4.84,4.89,4.69,5.25,-7.51%,-1.49%
405,NXT," NXT, 메인넷 클라이언트 v1.12.1 출시 및 하드포크 일정 안내",2020.03.04,BTC,1.7e-06,1.47e-06,2.25e-06,0.01%,32.35%,1.5e-06,1.44e-06,1.7e-06,1.71e-06,1.5e-06,1.52e-06,-1.62%,2.9%
406,META," 메타디움 엔터프라이즈 플랫폼, 과학기술정보통신부 TTA 성능시험 통해 기술경쟁력 입증",2020.03.04,BTC,8.4e-07,8.4e-07,1.05e-06,0.01%,25.0%,8.6e-07,8.3e-07,8.8e-07,8.4e-07,8.2e-07,8.8e-07,-1.62%,2.9%
407,STPT," STP네트워크, 코박 내 사용으로 수요처 확보, 유틸리티 확대 예정",2020.02.28,BTC,2.43e-06,2.24e-06,2.7e-06,-1.16%,11.11%,2.37e-06,2.29e-06,2.62e-06,2.68e-06,2.27e-06,2.76e-06,-0.39%,-5.2%
408,TSHP," 12SHIPS, 2020년 2월 TSHP 소각",2020.02.28,KRW,16.6,14.3,17.4,-1.16%,4.82%,12.9,11.8,16.7,14.0,12.4,14.7,-0.39%,-5.2%
409,BORA," BORA(보라), 댑레이더와 전략제휴 계약 체결 및 프로토콜 프로젝트 합류",2020.02.26,BTC,2.87e-06,2.77e-06,3.55e-06,-5.2%,23.69%,2.61e-06,2.61e-06,3.21e-06,3.06e-06,2.51e-06,3.26e-06,-2.6%,-1.02%
410,MOC," 모스랜드, 루니버스 메인넷으로 토큰 스왑 계획 공시",2020.02.20,KRW,47.3,40.4,50.0,0.92%,5.71%,60.3,47.0,63.0,80.3,58.3,97.0,-3.57%,3.5%
411,MBL," 무비블록, 알리바바 X 유쿠 플랫폼 '따위하오'에 무비블록 공식 채널 오픈",2020.02.20,KRW,5.7,4.95,7.12,0.92%,24.91%,6.09,5.46,6.37,5.36,5.03,7.73,-3.57%,3.5%
412,ENJ," 엔진플랫폼, 이더리움 메인넷 론칭 완료",2020.02.19,KRW,165.0,158.0,204.0,-3.57%,23.64%,164.0,150.0,171.0,144.0,128.0,200.0,3.5%,-1.9%
413,MOC," 모스랜드, 서비스 수익연동 MOC 바이백 프로그램 계획 공시",2020.02.19,KRW,60.3,47.0,63.0,-3.57%,4.48%,80.3,58.3,97.0,26.6,23.3,89.9,3.5%,-1.9%
414,MBL," 무비블록, 국내 최대 커뮤니티 코박 플랫폼 양수 및 MovieBloc 노드 스테이킹 보상",2020.02.18,KRW,5.36,5.03,7.73,3.5%,44.22%,5.14,4.73,5.47,4.69,4.3,5.47,-1.9%,1.36%
415,MOC," 모스랜드, 신규 서비스 출시 및 파트너쉽 관련 공시",2020.02.17,KRW,26.6,23.3,89.9,-1.9%,237.97%,29.9,22.8,31.1,31.3,28.0,40.2,1.36%,-2.89%
416,META," 메타디움 DID, 2천만 사용자 보유한 중남미 지역 게임 퍼블리싱 플랫폼에서 3월부터 이용 가능",2020.02.14,BTC,5.4e-07,5.2e-07,8.1e-07,0.44%,50.0%,5.7e-07,5e-07,5.9e-07,4.8e-07,4.6e-07,5.7e-07,0%,-0.22%
417,UPP," 웁살라시큐리티, 암호화폐 추적 솔루션 BTC 추적 기능 추가",2020.02.14,KRW,23.8,23.0,45.7,0.44%,92.02%,22.9,19.3,29.2,18.8,18.5,24.3,0%,-0.22%
418,STPT," STP네트워크, 슈퍼노드 스테이킹 출시 통한 2400만 STPT락업",2020.02.14,BTC,1.33e-06,1.19e-06,1.6e-06,0.44%,20.3%,1.13e-06,1e-06,1.34e-06,1.27e-06,1.13e-06,1.33e-06,0%,-0.22%
419,HBAR, 헤데라 해시그래프 거버닝 카운슬 새 멤버 발표,2020.02.12,KRW,41.7,40.1,292.0,-0.22%,600.24%,30.4,29.6,43.3,31.4,29.6,31.4,2.6%,-2.55%
420,MBL," 무비블록, 토큰스왑 지원 및 파트너쉽 관련 공시",2020.02.10,KRW,2.0,1.95,2.18,-2.55%,9.0%,1.99,1.96,2.03,2.03,1.88,2.04,2.19%,0.68%
421,BORA," BORA(보라) 개발사 웨이투빗, 티웨이브와 전략적 제휴 체결",2020.02.07,BTC,9.1e-07,8.1e-07,9.8e-07,2.01%,7.69%,9.1e-07,8.8e-07,9.3e-07,8.9e-07,8.2e-07,9.1e-07,1.9%,3.94%
422,STPT," STP 네트워크, 최대 연이율 30% 스테이킹 프로그램 출시",2020.02.07,BTC,1.3e-06,1.22e-06,1.34e-06,2.01%,3.08%,1.25e-06,1.24e-06,1.3e-06,9.5e-07,1.06e-06,1.25e-06,1.9%,3.94%
423,MOC," 모스랜드, 더 헌터스 'iF 디자인 어워드 수상",2020.02.05,KRW,20.8,19.9,22.4,3.94%,7.69%,20.1,19.4,20.9,20.1,19.8,20.5,-1.07%,-0.14%
424,ANKR," ANKR, 파트너쉽 및 기타 공시",2020.02.05,KRW,2.7,2.66,3.8,3.94%,40.74%,2.53,2.46,2.8,2.48,2.44,2.56,-1.07%,-0.14%
425,TSHP," 12SHIPS, 2020년 첫 TSHP 소각",2020.01.31,KRW,14.6,14.4,16.7,0.02%,14.38%,14.8,14.2,14.8,14.4,14.2,15.1,1.02%,0.95%
426,UPP," 센티넬프로토콜, 삼성 블록체인 월렛의 DApp에 리스팅",2020.01.28,KRW,16.5,15.7,22.3,4.32%,35.15%,17.1,16.1,17.1,16.7,16.6,17.9,1.67%,2.27%
427,MED," 메디블록, 우리아이들병원과 MOU 체결",2019.11.15,KRW,5.08,4.93,5.16,-1.6%,1.57%,5.09,4.95,5.26,5.16,5.05,5.16,-1.33%,-0.45%
428,MBL," 무비블록, 한겨레 교육 파트너쉽 체결",2019.11.13,KRW,2.03,1.99,2.19,-0.45%,7.88%,2.07,1.97,2.08,1.93,1.91,2.08,0.88%,-3.12%
429,SOLVE," 솔브케어, 최고 의료 책임자 임명",2019.11.13,KRW,132.0,131.0,135.0,-0.45%,2.27%,135.0,130.0,139.0,141.0,133.0,143.0,0.88%,-3.12%
430,TSHP," 12SHIPS, 첫 소각 개시",2019.11.04,KRW,22.2,21.7,26.4,0.75%,18.92%,21.7,21.1,22.3,21.8,21.0,22.0,-0.79%,0.43%
431,SOLVE," 솔브케어, 재무/행정 본부장 임명, 사무실 개설 및 본사 이전 관련 공시",2019.11.01,KRW,147.0,144.0,153.0,1.06%,4.08%,141.0,139.0,155.0,140.0,136.0,142.0,0.09%,-1.95%
432,UPP," 센티넬프로토콜, Uppsala Security로 리브랜딩",2019.10.28,KRW,11.9,11.7,13.9,-2.18%,16.81%,11.1,11.0,12.4,11.4,10.8,12.3,2.28%,6.63%
433,ARDR," Ardor, Full Node 운영이 가능한 안드로이드 앱 출시",2019.10.22,KRW,59.1,58.3,61.6,-2.0%,4.23%,60.3,58.1,60.7,61.0,59.6,62.0,-0.48%,2.89%
434,THETA," 세타, DLive와 파트너쉽 체결",2019.10.10,KRW,105.0,101.0,107.0,-0.15%,1.9%,108.0,102.0,110.0,102.0,101.0,109.0,4.67%,-0.22%
435,UPP," 센티넬프로토콜, 크립토 분석 위험도 평가 솔루션 'CARA' 런칭",2019.10.11,KRW,12.8,11.9,13.7,-3.47%,7.03%,12.0,11.7,12.8,12.2,11.4,12.7,-0.15%,4.67%
436,ORBS," 오브스, 블록체인교육연합(BEA) 파트너쉽 공시",2019.10.11,BTC,1.43e-06,1.29e-06,1.43e-06,-3.47%,0.0%,1.46e-06,1.39e-06,1.47e-06,1.51e-06,1.44e-06,1.52e-06,-0.15%,4.67%
437,MED," 메디블록, 심볼 및 로고 변경",2019.10.08,KRW,5.95,5.42,13.0,-0.22%,118.49%,4.16,4.0,5.97,4.33,4.04,4.37,3.24%,-2.85%
438,MBL," 무비블록, 신규 온톨로지(Ontology) 플랫폼 노드로 선정",2019.11.13,KRW,2.03,1.99,2.19,-0.45%,7.88%,2.07,1.97,2.08,1.93,1.91,2.08,0.88%,-3.12%
439,MBL," 무비블록, DMZ 국제다큐영화제 파트너쉽 체결 공시",2019.10.17,KRW,1.84,1.79,1.9,0.4%,3.26%,1.91,1.83,1.92,1.94,1.89,1.94,-2.0%,-1.54%
440,QKC," 쿼크체인, TokenTuber와 전략적 파트너쉽",2019.10.02,KRW,6.7,6.33,6.73,0.9%,0.45%,6.6,6.52,7.19,6.53,6.08,6.65,0.42%,2.84%
441,LUNA," 테라, 업무협약 관련 공시",2019.10.01,BTC,0.00012699,0.00010509,0.00013144,0.42%,3.5%,0.00010319,0.00010061,0.00013,0.00010107,0.000101,0.000105,2.84%,-2.07%
442,TSHP," 12SHIPS, 첫 마일스톤 달성, 한산도풀 오픈",2019.09.24,KRW,22.6,16.0,25.4,-11.7%,12.39%,23.7,22.5,25.2,24.3,22.5,24.9,-3.28%,0.38%
443,BORA," 보라플랫폼, 토큰 발행량 일부 소각 계획 공시",2019.09.18,BTC,1.42e-06,1.4e-06,1.68e-06,-0.09%,18.31%,1.44e-06,1.28e-06,1.47e-06,1.42e-06,1.4e-06,1.48e-06,-0.59%,-0.3%
444,BORA," 보라플랫폼, 이더리움에서 클레이튼 메인넷으로 이전 확정 및 토큰 스왑 계획 공시",2019.09.18,BTC,1.42e-06,1.4e-06,1.68e-06,-0.09%,18.31%,1.44e-06,1.28e-06,1.47e-06,1.42e-06,1.4e-06,1.48e-06,-0.59%,-0.3%
445,STPT," STPT네트워크, 바이백 토큰 전량 소각 발표",2019.09.18,BTC,1.27e-06,1.24e-06,1.48e-06,-0.09%,16.54%,1.31e-06,1.22e-06,1.31e-06,1.3e-06,1.29e-06,1.41e-06,-0.59%,-0.3%
446,STPT," STP네트워크, 온톨로지와 PoB 페이먼트 프로그램 발표",2019.08.30,BTC,1.73e-06,1.71e-06,1.87e-06,0.93%,8.09%,1.71e-06,1.6e-06,1.76e-06,1.73e-06,1.65e-06,1.76e-06,-2.22%,-3.45%
447,THETA," 세타, 세타 네트워크의 검증 노드를 운영 할 최초의 기업 파트너사 발표",2019.08.28,KRW,159.0,139.0,159.0,-3.45%,0.0%,144.0,143.0,159.0,150.0,143.0,151.0,-1.71%,1.66%
448,MBL," 무비블록, 무료 베타 서비스 오픈 공시",2019.08.27,KRW,2.28,2.22,2.47,-1.71%,8.33%,2.25,2.16,2.54,2.44,2.24,2.44,1.66%,0.14%
449,LUNA," 테라, 홍콩 해시키 캐피탈로 부터 투자 유치",2019.08.23,BTC,0.00011807,0.00011,0.000125,1.91%,5.87%,0.00012841,0.00011589,0.00012931,0.00011965,0.00011641,0.00013092,-0.68%,-5.09%
450,POWR," 파워렛저, 서호주 P2P 에너지 거래 프로젝트 2단계 돌입",2019.08.21,KRW,65.9,63.2,69.2,-5.09%,5.01%,67.6,65.4,67.8,66.2,65.6,68.3,-1.62%,5.24%
451,QKC," 쿼크체인, 한국모바일게임협회 및 한국 블록체인 콘텐츠 협회와 파트너쉽 체결",2019.08.20,KRW,19.6,17.8,19.8,-1.62%,1.02%,18.4,18.4,19.8,18.6,18.2,19.2,5.24%,0.68%
452,ELF," 엘프, 일본 기프트 카드 교환 플랫폼 Ameten(아마튼)과 전략적 파트너쉽 체결",2019.08.20,KRW,110.0,108.0,122.0,-1.62%,10.91%,107.0,105.0,113.0,109.0,105.0,110.0,5.24%,0.68%
453,LUNA," 테라, 국내 대표 음원 스트리밍 서비스 벅스와 파트너쉽 체결",2019.08.14,BTC,0.00012533,0.00012175,0.00013168,-7.19%,5.07%,0.0001134,0.00010814,0.00013395,0.00011125,0.00011004,0.00011737,-4.01%,-1.3%
454,MBL," 무비블록, (사)한국독립PD협회와 파트너쉽 체결",2019.08.14,KRW,2.14,2.05,2.25,-7.19%,5.14%,2.17,2.07,2.23,2.28,2.12,2.29,-4.01%,-1.3%
455,STPT," STP네트워크, 프라이빗 세일 Fast Unlock 옵션 및 추가 소각 발표",2019.08.08,BTC,1.62e-06,1.56e-06,2.05e-06,0.15%,26.54%,1.64e-06,1.52e-06,1.69e-06,1.75e-06,1.51e-06,1.85e-06,3.17%,-2.81%
456,QKC," 쿼크체인, 대량 바이백 프로그램 및 팀/재단 물량 락업 연장",2019.08.07,KRW,20.7,20.1,23.6,3.17%,14.01%,17.4,17.0,21.2,17.1,17.1,17.9,-2.81%,9.44%
457,SOLVE," 솔브케어, 주요인사 관련 공시",2019.08.07,KRW,191.0,170.0,198.0,3.17%,3.66%,206.0,185.0,215.0,217.0,201.0,221.0,-2.81%,9.44%
458,AERGO," 아르고, 블로코 시드(SEED) 그룹과 중동, 북아프리카 지역 블록체인 인프라 구축 관련 파트너쉽 체결",2019.08.06,KRW,131.0,123.0,136.0,-2.81%,3.82%,130.0,130.0,140.0,133.0,130.0,134.0,9.44%,1.45%
459,LUNA," 테라, 국내 1위 B2B 패션 플랫폼 신상마켓과 파트너쉽 체결",2019.08.05,BTC,0.00011467,9.67e-05,0.00011609,9.44%,1.24%,0.00011799,0.00011163,0.0001205,0.00012114,0.0001146,0.00012115,1.45%,1.67%
460,UPP," 센티넬프로토콜, 옥타솔루션 고객사와 자금세탁방지 구축 공급 계약 체결",2019.08.05,KRW,19.3,18.6,20.5,9.44%,6.22%,20.5,18.2,20.6,20.8,20.3,21.6,1.45%,1.67%
461,UPP," 센티넬프로토콜, Hexlant. (헥슬란트)와 전략적 파트너쉽 체결",2019.08.05,KRW,19.3,18.6,20.5,9.44%,6.22%,20.5,18.2,20.6,20.8,20.3,21.6,1.45%,1.67%
462,ORBS," 오브스, 파트너쉽 및 메인넷 업데이트 관련",2019.08.02,BTC,1.96e-06,1.94e-06,2.11e-06,2.0%,7.65%,2.14e-06,1.87e-06,2.16e-06,2.21e-06,2.12e-06,2.26e-06,3.01%,5.6%
463,QKC," 쿼크체인, 토큰스왑 시작 (7/31)",2019.07.31,KRW,16.9,16.7,18.0,5.6%,6.51%,16.7,16.3,17.4,16.6,16.2,17.2,0.38%,-0.27%
464,STPT," STP네트워크, 체인링크와 오라클 연동 발표",2019.07.30,BTC,2.92e-06,2.49e-06,2.9e-06,0.38%,-0.68%,3.08e-06,2.6e-06,3.18e-06,2.84e-06,2.72e-06,3.32e-06,-0.27%,0%
465,QKC," 쿼크체인, 체인링크와 파트너쉽",2019.07.26,KRW,17.0,16.4,17.5,-0.54%,2.94%,16.4,16.3,17.1,17.0,15.6,17.2,1.14%,-1.58%
466,MBL," 무비블록, 투자 기관 락업 및 베스팅 기간 연장 공시",2019.07.26,KRW,2.99,2.83,3.7,-0.54%,23.75%,2.9,2.86,3.18,3.07,2.79,3.1,1.14%,-1.58%
467,UPP," 센티넬프로토콜, Kyber Network (카이버네트워크)와 파트너쉽 체결",2019.07.25,KRW,21.9,21.0,23.8,1.14%,8.68%,20.3,20.0,30.5,21.9,19.0,23.0,-1.58%,-4.17%
468,META," 메타디움, 부산시의 블록체인 기반 공공안전 영상제보 서비스에 메타디움 DID 기술 적용",2019.07.25,BTC,1.63e-06,1.57e-06,1.83e-06,1.14%,12.27%,1.56e-06,1.53e-06,1.65e-06,1.58e-06,1.51e-06,1.58e-06,-1.58%,-4.17%
469,RFR," 리퍼리움, 배틀그라운드(PUBG)와 파트너쉽 발표",2019.07.24,KRW,2.09,1.73,2.19,-1.58%,4.78%,1.82,1.81,2.29,1.79,1.75,1.89,-4.17%,-2.03%
470,STPT," STP네트워크, FBG Capital로 부터 추가 투자 유치 공시",2019.07.23,BTC,3.46e-06,3.04e-06,3.58e-06,-4.17%,3.47%,3.5e-06,3.17e-06,3.58e-06,3.2e-06,3.13e-06,3.5e-06,-2.03%,-1.68%
471,KMD," 코모도, 플랫폼 리브랜딩 및 주요제품 공개 (Antara, AtomicDEX) 공시",2019.07.19,KRW,1500.0,1415.0,1575.0,-0.87%,5.0%,1465.0,1380.0,1615.0,1440.0,1355.0,1555.0,8.68%,1.88%
472,EMC2," 아인스타이늄, 13.6 네트워크 업데이트 공시",2019.07.18,KRW,67.3,66.0,92.0,8.68%,36.7%,65.6,61.0,68.0,74.5,63.8,76.4,1.88%,-13.05%
473,CRE," 캐리프로토콜, 캐리 토큰(CRE) 언락 물량 조정 공시",2019.07.12,KRW,20.0,19.2,24.1,3.12%,20.5%,23.5,19.0,23.5,26.6,22.6,27.1,-5.65%,-2.31%
474,IGNIS," 이그니스, GPS 토큰 에어드랍을 위한 스냅샷 블록 높이 및 Coal 토큰 에어드랍 관련 공시",2019.07.10,KRW,82.0,66.7,82.0,-2.31%,0.0%,84.9,79.1,86.5,82.5,82.1,90.4,2.54%,6.72%
475,SOLVE," 솔브케어, 우버 헬스와 파트너쉽 체결",2019.07.10,KRW,399.0,326.0,400.0,-2.31%,0.25%,379.0,368.0,421.0,399.0,363.0,402.0,2.54%,6.72%
476,MOC," 모스랜드, 삼성 블록체인 월렛 공식 지원",2019.07.09,KRW,69.0,62.1,73.3,2.54%,6.23%,67.0,64.5,76.8,62.9,62.9,68.0,6.72%,0.33%
477,CRE," 캐리프로토콜, 캐리 토큰(CRE) ‘바이백(buy-back)’ 진행",2019.07.08,KRW,28.2,26.7,28.6,6.72%,1.42%,27.8,27.4,28.9,26.6,26.4,28.8,0.33%,1.8%
478,TT," 썬더코어, 팀 토큰 락업과 토큰 분배 일정의 변경 공시",2019.07.02,KRW,20.3,19.9,22.1,1.37%,8.87%,19.1,18.8,20.6,19.7,18.8,20.8,-4.21%,-6.71%
479,STPT," STP네트워크, MTO모델공개 및 무비블록 MTO 공시",2019.07.02,BTC,6.11e-06,5.78e-06,7.1e-06,1.37%,16.2%,6.69e-06,5.92e-06,6.75e-06,7.12e-06,6.4e-06,7.19e-06,-4.21%,-6.71%
480,QKC," 쿼크체인, 메인넷 트랜잭션 기능 공식 오픈 (6/30)",2019.07.01,KRW,27.0,24.9,29.7,-4.21%,10.0%,21.5,21.4,27.3,19.9,19.6,22.1,-6.71%,-4.78%
481,QKC," 쿼크체인, 쿼크체인의 ERC20토큰 40%(40억개) 소멸 안내 (7/1)",2019.07.01,KRW,27.0,24.9,29.7,-4.21%,10.0%,21.5,21.4,27.3,19.9,19.6,22.1,-6.71%,-4.78%
482,POWR," 파워렛저, 미국에서 REC(신재생에너지공인인증서) 거래 플랫폼을 선보인다.",2019.07.01,KRW,129.0,122.0,140.0,-4.21%,8.53%,132.0,125.0,133.0,129.0,124.0,137.0,-6.71%,-4.78%
483,QKC," 쿼크체인, 락업 QKC 토큰 중 2019년 분량 토큰 전량 일시 배포",2019.07.01,KRW,27.0,24.9,29.7,-4.21%,10.0%,21.5,21.4,27.3,19.9,19.6,22.1,-6.71%,-4.78%
484,QKC," 쿼크체인, 메인넷 v1.0 ""Singularity"" 출시 완료 (4/30 UTC +0800)",2019.07.01,KRW,27.0,24.9,29.7,-4.21%,10.0%,21.5,21.4,27.3,19.9,19.6,22.1,-6.71%,-4.78%
485,STPT," STP네트워크, Block72 참여 PoB 스테이킹 모델 발표 및 바이백 공시",2019.06.28,BTC,6.45e-06,5.81e-06,8.35e-06,9.12%,29.46%,5e-06,4.5e-06,6.95e-06,5.98e-06,4.22e-06,6.01e-06,-11.52%,13.72%
486,ORBS," 오브스, GLF의 공식 블록체인 인프라 파트너 선정",2019.06.25,BTC,3.21e-06,2.85e-06,3.43e-06,8.15%,6.85%,3.25e-06,3.16e-06,3.36e-06,3.32e-06,3.17e-06,3.42e-06,1.66%,2.28%
487,CRE," 캐리프로토콜, '뱅크샐러드'와 ECA 파트너쉽 체결",2019.06.21,KRW,45.5,41.5,46.4,5.68%,1.98%,47.5,44.0,50.6,46.9,46.2,48.3,2.59%,1.48%
488,POWR," 파워렛저, 오스트리아에서 P2P 에너지 거래 관련 파트너쉽 체결",2019.06.19,KRW,143.0,142.0,163.0,1.48%,13.99%,142.0,137.0,150.0,148.0,140.0,148.0,-1.38%,3.22%
489,CRE," 캐리프로토콜, 파트너쉽 체결 관련 공시",2019.06.17,KRW,54.3,46.7,58.6,3.22%,7.92%,52.0,46.2,54.6,67.0,49.0,70.3,1.73%,0.63%
490,META," 메타디움, 업무제휴 관련 공시 2건",2019.06.17,BTC,3.56e-06,3.42e-06,4.08e-06,3.22%,14.61%,3.69e-06,3.4e-06,3.75e-06,3.73e-06,3.5e-06,3.84e-06,1.73%,0.63%
491,SOLVE," 솔브케어, 베링거인겔하임과 파트너쉽 체결",2019.06.07,KRW,567.0,516.0,570.0,2.68%,0.53%,622.0,540.0,649.0,540.0,494.0,853.0,-0.92%,1.02%
492,IGNIS," 이그니스, Triffic 앱 GPS 토큰 에어드랍 예정",2019.06.07,KRW,32.6,32.0,99.0,2.68%,203.68%,33.2,31.4,33.2,32.1,31.6,34.5,-0.92%,1.02%
493,UPP," 센티넬프로토콜, 제휴관련 공시 2건",2019.05.31,KRW,19.4,18.7,21.6,2.6%,11.34%,20.6,18.7,21.1,21.0,19.8,21.7,-1.99%,-0.08%
494,ARDR," 아더 플랫폼, ""젤루리다코리아컨설팅 주식회사"" 설립",2019.05.27,KRW,97.6,96.5,105.0,0.75%,7.58%,97.3,93.8,111.0,96.7,95.7,101.0,7.35%,0.15%
495,IOST," 아이오에스티, 파트너쉽 체결 관련 공시",2019.05.21,KRW,14.6,14.3,16.2,-0.75%,10.96%,14.8,14.1,15.1,14.3,14.3,15.2,-1.35%,10.08%
496,IOST," 아이오에스티, 메인넷 토큰스왑 안내",2019.05.21,KRW,14.6,14.3,16.2,-0.75%,10.96%,14.8,14.1,15.1,14.3,14.3,15.2,-1.35%,10.08%
497,UPP," 센티넬프로토콜, 출시관련 공시 3건",2019.05.16,KRW,17.7,16.8,19.2,-1.47%,8.47%,17.1,16.5,18.2,16.8,15.6,17.3,1.13%,2.91%
498,UPP," 센티넬프로토콜, 제휴관련 공시 3건",2019.05.16,KRW,17.7,16.8,19.2,-1.47%,8.47%,17.1,16.5,18.2,16.8,15.6,17.3,1.13%,2.91%
499,MOC," 모스랜드, 주요 마일스톤 달성을 위한 더 헌터스 출시",2019.05.16,KRW,64.9,60.1,69.6,-1.47%,7.24%,61.7,59.8,65.4,55.9,55.4,61.7,1.13%,2.91%
500,MOC," 모스랜드, 토큰 배분 종료",2019.05.16,KRW,64.9,60.1,69.6,-1.47%,7.24%,61.7,59.8,65.4,55.9,55.4,61.7,1.13%,2.91%
501,MOC," 모스랜드, 총괄 아트 디렉터 공식 임명",2019.05.16,KRW,64.9,60.1,69.6,-1.47%,7.24%,61.7,59.8,65.4,55.9,55.4,61.7,1.13%,2.91%
502,MOC," 모스랜드, 구글 파트너쉽 체결",2019.05.15,KRW,61.7,59.8,65.4,1.13%,6.0%,55.9,55.4,61.7,55.2,54.5,60.2,2.91%,12.97%
